ID,zone,northing,easting,units,inDatum,outDatum,utmZone,eht
56001,4602,835833.33,1185237.1799999995,usft,NAD83(2011),NAD83(2011),auto,N/A
56002,4602,823685.16,1186428.0,usft,NAD83(2011),NAD83(2011),auto,N/A
56003,4602,826608.48,1191188.71,usft,NAD83(2011),NAD83(2011),auto,N/A
56004,4602,880689.59,1191365.47,usft,NAD83(2011),NAD83(2011),auto,N/A
56005,4602,857739.78,1191441.52,usft,NAD83(2011),NAD83(2011),auto,N/A
56006,4602,852045.22,1191230.29,usft,NAD83(2011),NAD83(2011),auto,N/A
56007,4602,852238.3,1191235.26,usft,NAD83(2011),NAD83(2011),auto,N/A
56008,4602,822275.03,1191227.4299999995,usft,NAD83(2011),NAD83(2011),auto,N/A
56009,4602,832081.85,1190517.99,usft,NAD83(2011),NAD83(2011),auto,N/A
56010,4602,836717.45,1189016.01,usft,NAD83(2011),NAD83(2011),auto,N/A
56011,4602,871990.03,1189632.79,usft,NAD83(2011),NAD83(2011),auto,N/A
56012,4602,821435.62,1191110.42,usft,NAD83(2011),NAD83(2011),auto,N/A
56013,4602,832349.95,1190295.45,usft,NAD83(2011),NAD83(2011),auto,N/A
56014,4602,841834.5799999998,1189640.67,usft,NAD83(2011),NAD83(2011),auto,N/A
56015,4602,847320.64,1191123.0600000005,usft,NAD83(2011),NAD83(2011),auto,N/A
56016,4602,829754.34,1191230.85,usft,NAD83(2011),NAD83(2011),auto,N/A
56017,4602,822275.03,1191227.4299999995,usft,NAD83(2011),NAD83(2011),auto,N/A
56018,4602,851707.91,1191243.45,usft,NAD83(2011),NAD83(2011),auto,N/A
56019,4602,848114.07,1191088.95,usft,NAD83(2011),NAD83(2011),auto,N/A
56020,4602,862107.0799999998,1191570.23,usft,NAD83(2011),NAD83(2011),auto,N/A
56021,4602,853985.62,1191418.05,usft,NAD83(2011),NAD83(2011),auto,N/A
56022,4602,1000222.85,1040943.46,usft,NAD83(2011),NAD83(2011),auto,N/A
56023,4602,655280.83,974720.98,usft,NAD83(2011),NAD83(2011),auto,N/A
56024,4602,890933.1899999998,1186326.3100000005,usft,NAD83(2011),NAD83(2011),auto,N/A
56025,4602,893085.6,1192223.74,usft,NAD83(2011),NAD83(2011),auto,N/A
56026,4602,896441.15,1194460.25,usft,NAD83(2011),NAD83(2011),auto,N/A
56027,4602,795844.51,1297133.27,usft,NAD83(2011),NAD83(2011),auto,N/A
56028,4602,894027.14,2400221.7,usft,NAD83(2011),NAD83(2011),auto,N/A
56029,4602,883354.41,2393407.76,usft,NAD83(2011),NAD83(2011),auto,N/A
56030,4602,883363.01,2393574.08,usft,NAD83(2011),NAD83(2011),auto,N/A
56031,4602,871713.8299999998,2401485.19,usft,NAD83(2011),NAD83(2011),auto,N/A
56032,4602,883179.6,2389291.6,usft,NAD83(2011),NAD83(2011),auto,N/A
56033,4602,884804.05,2400617.07,usft,NAD83(2011),NAD83(2011),auto,N/A
56034,4602,871710.28,2401484.2,usft,NAD83(2011),NAD83(2011),auto,N/A
56035,4602,893299.6899999998,2400741.44,usft,NAD83(2011),NAD83(2011),auto,N/A
56036,4602,883405.2,2397203.31,usft,NAD83(2011),NAD83(2011),auto,N/A
56037,4602,848628.63,2396798.93,usft,NAD83(2011),NAD83(2011),auto,N/A
56038,4602,861537.72,2410250.57,usft,NAD83(2011),NAD83(2011),auto,N/A
56039,4602,860816.82,2405613.58,usft,NAD83(2011),NAD83(2011),auto,N/A
56040,4602,137705.3,1336875.97,usft,NAD83(2011),NAD83(2011),auto,N/A
56041,4602,691585.17,1159826.04,usft,NAD83(2011),NAD83(2011),auto,N/A
56042,4602,702426.96,1142728.3100000005,usft,NAD83(2011),NAD83(2011),auto,N/A
56043,4602,695817.64,1152538.37,usft,NAD83(2011),NAD83(2011),auto,N/A
56044,4602,673179.98,1159329.17,usft,NAD83(2011),NAD83(2011),auto,N/A
56045,4602,695460.54,1153084.7,usft,NAD83(2011),NAD83(2011),auto,N/A
56046,4602,698686.39,1159919.8200000005,usft,NAD83(2011),NAD83(2011),auto,N/A
56047,4602,615350.02,1175103.73,usft,NAD83(2011),NAD83(2011),auto,N/A
56048,4602,700545.19,1164472.6,usft,NAD83(2011),NAD83(2011),auto,N/A
56049,4602,700630.3,1152786.11,usft,NAD83(2011),NAD83(2011),auto,N/A
56050,4602,720246.23,1140228.27,usft,NAD83(2011),NAD83(2011),auto,N/A
56051,4602,671798.46,1159286.91,usft,NAD83(2011),NAD83(2011),auto,N/A
56052,4602,683344.65,1159612.29,usft,NAD83(2011),NAD83(2011),auto,N/A
56053,4602,698740.66,1160044.49,usft,NAD83(2011),NAD83(2011),auto,N/A
56054,4602,647373.05,1158487.14,usft,NAD83(2011),NAD83(2011),auto,N/A
56055,4602,682893.17,1152444.34,usft,NAD83(2011),NAD83(2011),auto,N/A
56056,4602,679858.6,1151791.34,usft,NAD83(2011),NAD83(2011),auto,N/A
56057,4602,700611.94,1164574.91,usft,NAD83(2011),NAD83(2011),auto,N/A
56058,4602,689189.81,1152934.23,usft,NAD83(2011),NAD83(2011),auto,N/A
56059,4602,698085.56,1158160.65,usft,NAD83(2011),NAD83(2011),auto,N/A
56060,4602,379931.38,1685874.43,usft,NAD83(2011),NAD83(2011),auto,N/A
56061,4602,401788.07,1679468.86,usft,NAD83(2011),NAD83(2011),auto,N/A
56062,4602,781305.48,1207568.91,usft,NAD83(2011),NAD83(2011),auto,N/A
56063,4602,779688.07,1204195.79,usft,NAD83(2011),NAD83(2011),auto,N/A
56064,4602,787746.02,1202087.21,usft,NAD83(2011),NAD83(2011),auto,N/A
56065,4602,789584.83,1202992.3100000005,usft,NAD83(2011),NAD83(2011),auto,N/A
56066,4602,619369.62,1039704.99,usft,NAD83(2011),NAD83(2011),auto,N/A
56067,4602,620352.8100000003,1040068.99,usft,NAD83(2011),NAD83(2011),auto,N/A
56068,4602,448467.85,1647181.52,usft,NAD83(2011),NAD83(2011),auto,N/A
56069,4602,123375.72,1111505.6799999995,usft,NAD83(2011),NAD83(2011),auto,N/A
56070,4602,110693.95,1113848.38,usft,NAD83(2011),NAD83(2011),auto,N/A
56071,4602,124192.5,1110520.74,usft,NAD83(2011),NAD83(2011),auto,N/A
56072,4602,117401.19,1113250.52,usft,NAD83(2011),NAD83(2011),auto,N/A
56073,4602,124521.98,1109522.95,usft,NAD83(2011),NAD83(2011),auto,N/A
56074,4602,114503.87,1085790.97,usft,NAD83(2011),NAD83(2011),auto,N/A
56075,4602,134335.56,1105849.63,usft,NAD83(2011),NAD83(2011),auto,N/A
56076,4602,111505.96,1089194.26,usft,NAD83(2011),NAD83(2011),auto,N/A
56077,4602,276526.16,2179353.69,usft,NAD83(2011),NAD83(2011),auto,N/A
56078,4602,94326.17,1165107.35,usft,NAD83(2011),NAD83(2011),auto,N/A
56079,4602,210902.91,1071829.33,usft,NAD83(2011),NAD83(2011),auto,N/A
56080,4602,216837.74,1069360.2,usft,NAD83(2011),NAD83(2011),auto,N/A
56081,4602,888600.01,1212276.28,usft,NAD83(2011),NAD83(2011),auto,N/A
56082,4602,889222.14,1210009.52,usft,NAD83(2011),NAD83(2011),auto,N/A
56083,4602,742383.53,1244964.08,usft,NAD83(2011),NAD83(2011),auto,N/A
56084,4602,869877.73,2474619.73,usft,NAD83(2011),NAD83(2011),auto,N/A
56085,4602,872030.15,2476359.6,usft,NAD83(2011),NAD83(2011),auto,N/A
56086,4602,870622.34,2476346.9,usft,NAD83(2011),NAD83(2011),auto,N/A
56087,4602,873498.47,2477809.3,usft,NAD83(2011),NAD83(2011),auto,N/A
56088,4602,869612.52,2451331.73,usft,NAD83(2011),NAD83(2011),auto,N/A
56089,4602,867792.9,2459224.56,usft,NAD83(2011),NAD83(2011),auto,N/A
56090,4602,394346.2,1667440.28,usft,NAD83(2011),NAD83(2011),auto,N/A
56091,4602,555368.81,1016950.27,usft,NAD83(2011),NAD83(2011),auto,N/A
56092,4602,134269.55,1411173.39,usft,NAD83(2011),NAD83(2011),auto,N/A
56093,4602,614365.86,810298.79,usft,NAD83(2011),NAD83(2011),auto,N/A
56094,4602,616447.86,813355.38,usft,NAD83(2011),NAD83(2011),auto,N/A
56095,4602,1153958.46,1132601.54,usft,NAD83(2011),NAD83(2011),auto,N/A
56096,4602,1032235.03,1240571.52,usft,NAD83(2011),NAD83(2011),auto,N/A
56097,4602,1032465.78,1232104.8200000005,usft,NAD83(2011),NAD83(2011),auto,N/A
56098,4602,1048869.09,1223334.5600000005,usft,NAD83(2011),NAD83(2011),auto,N/A
56099,4602,1049624.74,1223108.53,usft,NAD83(2011),NAD83(2011),auto,N/A
56100,4602,1050811.04,1242845.46,usft,NAD83(2011),NAD83(2011),auto,N/A
56101,4602,1033908.0799999998,1203601.02,usft,NAD83(2011),NAD83(2011),auto,N/A
56102,4602,722970.44,1204582.39,usft,NAD83(2011),NAD83(2011),auto,N/A
56103,4602,723233.16,1205287.8100000005,usft,NAD83(2011),NAD83(2011),auto,N/A
56104,4602,856708.5799999998,1140927.11,usft,NAD83(2011),NAD83(2011),auto,N/A
56105,4602,169954.83,1118004.16,usft,NAD83(2011),NAD83(2011),auto,N/A
56106,4602,170118.91,1103293.5600000005,usft,NAD83(2011),NAD83(2011),auto,N/A
56107,4602,169941.34,1115961.51,usft,NAD83(2011),NAD83(2011),auto,N/A
56108,4602,819548.63,1243378.35,usft,NAD83(2011),NAD83(2011),auto,N/A
56109,4602,823580.27,1231796.04,usft,NAD83(2011),NAD83(2011),auto,N/A
56110,4602,842747.38,1226115.97,usft,NAD83(2011),NAD83(2011),auto,N/A
56111,4602,815670.33,1223189.8,usft,NAD83(2011),NAD83(2011),auto,N/A
56112,4602,1312561.24,1128475.52,usft,NAD83(2011),NAD83(2011),auto,N/A
56113,4602,1274850.39,1229927.24,usft,NAD83(2011),NAD83(2011),auto,N/A
56114,4602,1280379.62,1161723.88,usft,NAD83(2011),NAD83(2011),auto,N/A
56115,4602,1271277.38,1194645.72,usft,NAD83(2011),NAD83(2011),auto,N/A
56116,4602,1265825.95,1161322.7,usft,NAD83(2011),NAD83(2011),auto,N/A
56117,4602,1305086.91,1352750.68,usft,NAD83(2011),NAD83(2011),auto,N/A
56118,4602,728351.42,1266911.64,usft,NAD83(2011),NAD83(2011),auto,N/A
56119,4602,670320.41,1250692.3,usft,NAD83(2011),NAD83(2011),auto,N/A
56120,4602,901951.86,1218873.89,usft,NAD83(2011),NAD83(2011),auto,N/A
56121,4602,861758.75,1100682.95,usft,NAD83(2011),NAD83(2011),auto,N/A
56122,4602,807527.19,1100475.33,usft,NAD83(2011),NAD83(2011),auto,N/A
56123,4602,821009.25,1113481.38,usft,NAD83(2011),NAD83(2011),auto,N/A
56124,4602,834221.82,1115132.37,usft,NAD83(2011),NAD83(2011),auto,N/A
56125,4602,858599.96,1101335.65,usft,NAD83(2011),NAD83(2011),auto,N/A
56126,4602,858787.04,1101290.29,usft,NAD83(2011),NAD83(2011),auto,N/A
56127,4602,856332.55,1099280.6899999995,usft,NAD83(2011),NAD83(2011),auto,N/A
56128,4602,784701.85,1186885.52,usft,NAD83(2011),NAD83(2011),auto,N/A
56129,4602,784420.75,1189109.0,usft,NAD83(2011),NAD83(2011),auto,N/A
56130,4602,1141150.96,1168441.87,usft,NAD83(2011),NAD83(2011),auto,N/A
56131,4602,797732.12,1651670.97,usft,NAD83(2011),NAD83(2011),auto,N/A
56132,4602,361460.04,1043219.8299999998,usft,NAD83(2011),NAD83(2011),auto,N/A
56133,4602,359156.59,1044906.6700000002,usft,NAD83(2011),NAD83(2011),auto,N/A
56134,4602,314346.25,943011.6700000002,usft,NAD83(2011),NAD83(2011),auto,N/A
56135,4602,511982.7199999999,1021295.75,usft,NAD83(2011),NAD83(2011),auto,N/A
56136,4602,914890.96,1758483.14,usft,NAD83(2011),NAD83(2011),auto,N/A
56137,4602,920125.9200000002,1777461.5,usft,NAD83(2011),NAD83(2011),auto,N/A
56138,4602,828215.86,2358161.08,usft,NAD83(2011),NAD83(2011),auto,N/A
56139,4602,1095910.99,2302863.26,usft,NAD83(2011),NAD83(2011),auto,N/A
56140,4602,1055313.64,2313091.16,usft,NAD83(2011),NAD83(2011),auto,N/A
56141,4602,1005218.6700000002,2345834.07,usft,NAD83(2011),NAD83(2011),auto,N/A
56142,4602,1022675.96,2339139.06,usft,NAD83(2011),NAD83(2011),auto,N/A
56143,4602,412014.93,2511474.890000001,usft,NAD83(2011),NAD83(2011),auto,N/A
56144,4602,765362.69,1412780.89,usft,NAD83(2011),NAD83(2011),auto,N/A
56145,4602,754156.56,1417905.3,usft,NAD83(2011),NAD83(2011),auto,N/A
56146,4602,698476.58,2419630.88,usft,NAD83(2011),NAD83(2011),auto,N/A
56147,4602,681109.93,2416754.51,usft,NAD83(2011),NAD83(2011),auto,N/A
56148,4602,604301.5600000003,2430690.28,usft,NAD83(2011),NAD83(2011),auto,N/A
56149,4602,469640.5399999999,2483885.03,usft,NAD83(2011),NAD83(2011),auto,N/A
56150,4602,1186716.7,2263852.84,usft,NAD83(2011),NAD83(2011),auto,N/A
56151,4602,512369.27,2004331.32,usft,NAD83(2011),NAD83(2011),auto,N/A
56152,4602,439194.91,2276908.870000001,usft,NAD83(2011),NAD83(2011),auto,N/A
56153,4602,942042.07,2395687.59,usft,NAD83(2011),NAD83(2011),auto,N/A
56154,4602,757827.22,1188760.4,usft,NAD83(2011),NAD83(2011),auto,N/A
56155,4602,887828.5600000002,1730248.03,usft,NAD83(2011),NAD83(2011),auto,N/A
56156,4602,568727.05,1180020.95,usft,NAD83(2011),NAD83(2011),auto,N/A
56157,4602,605637.48,1191682.87,usft,NAD83(2011),NAD83(2011),auto,N/A
56158,4602,902074.39,1188847.92,usft,NAD83(2011),NAD83(2011),auto,N/A
56159,4602,901548.74,1188574.77,usft,NAD83(2011),NAD83(2011),auto,N/A
56160,4602,903092.64,1180081.87,usft,NAD83(2011),NAD83(2011),auto,N/A
56161,4602,580574.36,1641097.36,usft,NAD83(2011),NAD83(2011),auto,N/A
56162,4602,598558.33,1629205.6,usft,NAD83(2011),NAD83(2011),auto,N/A
56163,4602,684005.88,1269969.95,usft,NAD83(2011),NAD83(2011),auto,N/A
56164,4602,666605.9,1338130.53,usft,NAD83(2011),NAD83(2011),auto,N/A
56165,4602,970536.3299999998,1221559.51,usft,NAD83(2011),NAD83(2011),auto,N/A
56166,4602,968221.6,1226260.28,usft,NAD83(2011),NAD83(2011),auto,N/A
56167,4602,942310.98,1212437.52,usft,NAD83(2011),NAD83(2011),auto,N/A
56168,4602,944340.6,1221702.85,usft,NAD83(2011),NAD83(2011),auto,N/A
56169,4602,969624.29,1227223.75,usft,NAD83(2011),NAD83(2011),auto,N/A
56170,4602,949257.1,1216994.63,usft,NAD83(2011),NAD83(2011),auto,N/A
56171,4602,941825.53,1212122.64,usft,NAD83(2011),NAD83(2011),auto,N/A
56172,4602,944073.02,1217374.08,usft,NAD83(2011),NAD83(2011),auto,N/A
56173,4602,1060418.88,1219048.0600000005,usft,NAD83(2011),NAD83(2011),auto,N/A
56174,4602,722622.59,1190479.29,usft,NAD83(2011),NAD83(2011),auto,N/A
56175,4602,734252.97,1185106.95,usft,NAD83(2011),NAD83(2011),auto,N/A
56176,4602,729192.25,1190643.33,usft,NAD83(2011),NAD83(2011),auto,N/A
56177,4602,718693.68,1189322.9,usft,NAD83(2011),NAD83(2011),auto,N/A
56178,4602,732958.1,1181702.4399999995,usft,NAD83(2011),NAD83(2011),auto,N/A
56179,4602,719604.97,1192307.0700000005,usft,NAD83(2011),NAD83(2011),auto,N/A
56180,4602,718616.14,1191296.11,usft,NAD83(2011),NAD83(2011),auto,N/A
56181,4602,718580.68,1191260.3200000005,usft,NAD83(2011),NAD83(2011),auto,N/A
56182,4602,727697.0,1194676.86,usft,NAD83(2011),NAD83(2011),auto,N/A
56183,4602,710836.06,1185287.72,usft,NAD83(2011),NAD83(2011),auto,N/A
56184,4602,738202.21,1191162.3,usft,NAD83(2011),NAD83(2011),auto,N/A
56185,4602,733182.31,1191042.01,usft,NAD83(2011),NAD83(2011),auto,N/A
56186,4602,718616.5,1190373.1799999995,usft,NAD83(2011),NAD83(2011),auto,N/A
56187,4602,1304906.73,1134279.41,usft,NAD83(2011),NAD83(2011),auto,N/A
56188,4602,701221.27,1173597.53,usft,NAD83(2011),NAD83(2011),auto,N/A
56189,4602,1009867.62,690783.6,usft,NAD83(2011),NAD83(2011),auto,N/A
56190,4602,666533.0,795153.88,usft,NAD83(2011),NAD83(2011),auto,N/A
56191,4602,668877.8199999997,794729.97,usft,NAD83(2011),NAD83(2011),auto,N/A
56192,4602,620289.72,795662.32,usft,NAD83(2011),NAD83(2011),auto,N/A
56193,4602,373416.99,764452.81,usft,NAD83(2011),NAD83(2011),auto,N/A
56194,4602,407335.4,769953.3,usft,NAD83(2011),NAD83(2011),auto,N/A
56195,4602,349485.78,787413.96,usft,NAD83(2011),NAD83(2011),auto,N/A
56196,4602,813642.15,1251419.92,usft,NAD83(2011),NAD83(2011),auto,N/A
56197,4602,804642.91,1283847.61,usft,NAD83(2011),NAD83(2011),auto,N/A
56198,4602,252563.78,1044996.5799999998,usft,NAD83(2011),NAD83(2011),auto,N/A
56199,4602,296902.98,1034615.68,usft,NAD83(2011),NAD83(2011),auto,N/A
56200,4602,308321.79,2007717.75,usft,NAD83(2011),NAD83(2011),auto,N/A
56201,4602,318427.91999999987,1979878.38,usft,NAD83(2011),NAD83(2011),auto,N/A
56202,4602,313282.28000000014,1975542.17,usft,NAD83(2011),NAD83(2011),auto,N/A
56203,4602,322393.69,1979902.86,usft,NAD83(2011),NAD83(2011),auto,N/A
56204,4602,269527.64,1964461.27,usft,NAD83(2011),NAD83(2011),auto,N/A
56205,4602,753158.8,1218762.01,usft,NAD83(2011),NAD83(2011),auto,N/A
56206,4602,750471.64,1207520.72,usft,NAD83(2011),NAD83(2011),auto,N/A
56207,4602,750440.52,1201495.67,usft,NAD83(2011),NAD83(2011),auto,N/A
56208,4602,742729.04,1227649.12,usft,NAD83(2011),NAD83(2011),auto,N/A
56209,4602,755847.39,1196506.62,usft,NAD83(2011),NAD83(2011),auto,N/A
56210,4602,757107.29,1196782.73,usft,NAD83(2011),NAD83(2011),auto,N/A
56211,4602,746104.89,1222447.04,usft,NAD83(2011),NAD83(2011),auto,N/A
56212,4602,871628.77,1225177.55,usft,NAD83(2011),NAD83(2011),auto,N/A
56213,4602,871620.65,1225400.83,usft,NAD83(2011),NAD83(2011),auto,N/A
56214,4602,634098.64,1062079.79,usft,NAD83(2011),NAD83(2011),auto,N/A
56215,4602,625613.79,1083948.15,usft,NAD83(2011),NAD83(2011),auto,N/A
56216,4602,630235.86,1075778.96,usft,NAD83(2011),NAD83(2011),auto,N/A
56217,4602,637343.74,1067938.02,usft,NAD83(2011),NAD83(2011),auto,N/A
56218,4602,994555.9,1246341.45,usft,NAD83(2011),NAD83(2011),auto,N/A
56219,4602,969045.37,1239380.62,usft,NAD83(2011),NAD83(2011),auto,N/A
56220,4602,975797.4200000002,1247264.86,usft,NAD83(2011),NAD83(2011),auto,N/A
56221,4602,672527.29,1151387.8200000005,usft,NAD83(2011),NAD83(2011),auto,N/A
56222,4602,673563.76,1148034.53,usft,NAD83(2011),NAD83(2011),auto,N/A
56223,4602,668157.66,1141721.33,usft,NAD83(2011),NAD83(2011),auto,N/A
56224,4602,811228.94,1618092.43,usft,NAD83(2011),NAD83(2011),auto,N/A
56225,4602,732439.93,1624126.66,usft,NAD83(2011),NAD83(2011),auto,N/A
56226,4602,886869.1,1577031.21,usft,NAD83(2011),NAD83(2011),auto,N/A
56227,4602,893557.14,1556800.3,usft,NAD83(2011),NAD83(2011),auto,N/A
56228,4602,893057.52,1539980.74,usft,NAD83(2011),NAD83(2011),auto,N/A
56229,4602,915363.0,1206752.4,usft,NAD83(2011),NAD83(2011),auto,N/A
56230,4602,922449.3100000002,1199933.8200000005,usft,NAD83(2011),NAD83(2011),auto,N/A
56231,4602,922512.55,1199953.33,usft,NAD83(2011),NAD83(2011),auto,N/A
56232,4602,912098.0799999998,1205290.77,usft,NAD83(2011),NAD83(2011),auto,N/A
56233,4602,915318.38,1207555.9399999995,usft,NAD83(2011),NAD83(2011),auto,N/A
56234,4602,916784.78,1220205.92,usft,NAD83(2011),NAD83(2011),auto,N/A
56235,4602,648786.04,955853.37,usft,NAD83(2011),NAD83(2011),auto,N/A
56236,4602,1226016.97,2235114.140000001,usft,NAD83(2011),NAD83(2011),auto,N/A
56237,4602,993753.8100000002,1229769.72,usft,NAD83(2011),NAD83(2011),auto,N/A
56238,4602,827800.58,1209070.39,usft,NAD83(2011),NAD83(2011),auto,N/A
56239,4602,916788.4399999998,1220207.46,usft,NAD83(2011),NAD83(2011),auto,N/A
56240,4602,940648.21,1262946.05,usft,NAD83(2011),NAD83(2011),auto,N/A
56241,4602,920645.96,1279181.26,usft,NAD83(2011),NAD83(2011),auto,N/A
56242,4602,927010.38,1274464.17,usft,NAD83(2011),NAD83(2011),auto,N/A
56243,4602,922762.55,1299588.67,usft,NAD83(2011),NAD83(2011),auto,N/A
56244,4602,459854.44,1169846.74,usft,NAD83(2011),NAD83(2011),auto,N/A
56245,4602,905771.01,1195064.25,usft,NAD83(2011),NAD83(2011),auto,N/A
56246,4602,898192.39,1193853.28,usft,NAD83(2011),NAD83(2011),auto,N/A
56247,4602,1130260.58,1195083.23,usft,NAD83(2011),NAD83(2011),auto,N/A
56248,4602,763089.43,1409675.47,usft,NAD83(2011),NAD83(2011),auto,N/A
56249,4602,753759.85,1403913.45,usft,NAD83(2011),NAD83(2011),auto,N/A
56250,4602,771906.45,1347862.32,usft,NAD83(2011),NAD83(2011),auto,N/A
56251,4602,771518.09,1351457.28,usft,NAD83(2011),NAD83(2011),auto,N/A
56252,4602,783334.2,1323763.72,usft,NAD83(2011),NAD83(2011),auto,N/A
56253,4602,1112977.53,1117561.67,usft,NAD83(2011),NAD83(2011),auto,N/A
56254,4602,1099381.1899999995,1859812.5900000003,usft,NAD83(2011),NAD83(2011),auto,N/A
56255,4602,632236.37,986361.93,usft,NAD83(2011),NAD83(2011),auto,N/A
56256,4602,632701.6,1056270.96,usft,NAD83(2011),NAD83(2011),auto,N/A
56257,4602,647200.38,1216470.8200000005,usft,NAD83(2011),NAD83(2011),auto,N/A
56258,4602,712166.71,1203959.0700000005,usft,NAD83(2011),NAD83(2011),auto,N/A
56259,4602,344025.21,1997598.3700000003,usft,NAD83(2011),NAD83(2011),auto,N/A
56260,4602,1023666.41,938984.48,usft,NAD83(2011),NAD83(2011),auto,N/A
56261,4602,1030061.65,883538.41,usft,NAD83(2011),NAD83(2011),auto,N/A
56262,4602,799084.56,1113156.7,usft,NAD83(2011),NAD83(2011),auto,N/A
56263,4602,798390.59,1110533.37,usft,NAD83(2011),NAD83(2011),auto,N/A
56264,4602,874753.28,1130184.4299999995,usft,NAD83(2011),NAD83(2011),auto,N/A
56265,4602,518568.1,2467140.82,usft,NAD83(2011),NAD83(2011),auto,N/A
56266,4602,533259.14,2474318.45,usft,NAD83(2011),NAD83(2011),auto,N/A
56267,4602,678753.12,1196029.88,usft,NAD83(2011),NAD83(2011),auto,N/A
56268,4602,669984.97,1194386.38,usft,NAD83(2011),NAD83(2011),auto,N/A
56269,4602,685340.15,1194530.76,usft,NAD83(2011),NAD83(2011),auto,N/A
56270,4602,670623.63,1178429.8100000005,usft,NAD83(2011),NAD83(2011),auto,N/A
56271,4602,671335.5,1167443.2,usft,NAD83(2011),NAD83(2011),auto,N/A
56272,4602,659003.53,1194113.09,usft,NAD83(2011),NAD83(2011),auto,N/A
56273,4602,484573.08,782553.23,usft,NAD83(2011),NAD83(2011),auto,N/A
56274,4602,455464.76,890041.1,usft,NAD83(2011),NAD83(2011),auto,N/A
56275,4602,888506.39,2284522.22,usft,NAD83(2011),NAD83(2011),auto,N/A
56276,4602,782876.8,1211932.91,usft,NAD83(2011),NAD83(2011),auto,N/A
56277,4602,787378.98,1219846.8100000005,usft,NAD83(2011),NAD83(2011),auto,N/A
56278,4602,783048.69,1215872.84,usft,NAD83(2011),NAD83(2011),auto,N/A
56279,4602,782911.77,1213279.99,usft,NAD83(2011),NAD83(2011),auto,N/A
56280,4602,787950.33,1216453.75,usft,NAD83(2011),NAD83(2011),auto,N/A
56281,4602,784117.09,1215541.78,usft,NAD83(2011),NAD83(2011),auto,N/A
56282,4602,795912.34,1229610.7,usft,NAD83(2011),NAD83(2011),auto,N/A
56283,4602,784267.61,1218801.49,usft,NAD83(2011),NAD83(2011),auto,N/A
56284,4602,788337.17,1208918.64,usft,NAD83(2011),NAD83(2011),auto,N/A
56285,4602,799410.51,1220717.3,usft,NAD83(2011),NAD83(2011),auto,N/A
56286,4602,782891.12,1215487.51,usft,NAD83(2011),NAD83(2011),auto,N/A
56287,4602,339823.13,1947256.3,usft,NAD83(2011),NAD83(2011),auto,N/A
56288,4602,653015.75,2117597.08,usft,NAD83(2011),NAD83(2011),auto,N/A
56289,4602,664057.78,2177747.52,usft,NAD83(2011),NAD83(2011),auto,N/A
56290,4602,623162.03,2408728.66,usft,NAD83(2011),NAD83(2011),auto,N/A
56291,4602,764790.78,1197414.9399999995,usft,NAD83(2011),NAD83(2011),auto,N/A
56292,4602,778035.81,1196327.2,usft,NAD83(2011),NAD83(2011),auto,N/A
56293,4602,829281.14,1191038.8100000005,usft,NAD83(2011),NAD83(2011),auto,N/A
56294,4602,826452.54,1191193.12,usft,NAD83(2011),NAD83(2011),auto,N/A
56295,4602,804421.3,1187418.65,usft,NAD83(2011),NAD83(2011),auto,N/A
56296,4602,836880.95,1189064.66,usft,NAD83(2011),NAD83(2011),auto,N/A
56297,4602,828330.29,1189122.42,usft,NAD83(2011),NAD83(2011),auto,N/A
56298,4602,826660.43,1191187.23,usft,NAD83(2011),NAD83(2011),auto,N/A
56299,4602,862402.73,1191402.6,usft,NAD83(2011),NAD83(2011),auto,N/A
56300,4602,838302.31,1185715.24,usft,NAD83(2011),NAD83(2011),auto,N/A
56301,4602,847389.03,1185121.23,usft,NAD83(2011),NAD83(2011),auto,N/A
56302,4602,847496.05,1185103.51,usft,NAD83(2011),NAD83(2011),auto,N/A
56303,4602,827586.0,1189061.73,usft,NAD83(2011),NAD83(2011),auto,N/A
56304,4602,820951.38,1191067.8,usft,NAD83(2011),NAD83(2011),auto,N/A
56305,4602,818350.59,1190656.97,usft,NAD83(2011),NAD83(2011),auto,N/A
56306,4602,864772.66,1189851.96,usft,NAD83(2011),NAD83(2011),auto,N/A
56307,4602,821130.05,1190981.6799999995,usft,NAD83(2011),NAD83(2011),auto,N/A
56308,4602,1139996.78,1215736.86,usft,NAD83(2011),NAD83(2011),auto,N/A
56309,4602,737583.1,1049185.39,usft,NAD83(2011),NAD83(2011),auto,N/A
56310,4602,672549.53,994812.04,usft,NAD83(2011),NAD83(2011),auto,N/A
56311,4602,758713.63,1041095.93,usft,NAD83(2011),NAD83(2011),auto,N/A
56312,4602,765554.03,1061224.55,usft,NAD83(2011),NAD83(2011),auto,N/A
56313,4602,871002.78,1486183.21,usft,NAD83(2011),NAD83(2011),auto,N/A
56314,4602,956380.24,1247968.37,usft,NAD83(2011),NAD83(2011),auto,N/A
56315,4602,849050.28,2380580.68,usft,NAD83(2011),NAD83(2011),auto,N/A
56316,4602,883159.41,2388572.97,usft,NAD83(2011),NAD83(2011),auto,N/A
56317,4602,810350.54,2340189.42,usft,NAD83(2011),NAD83(2011),auto,N/A
56318,4602,860472.39,2395965.85,usft,NAD83(2011),NAD83(2011),auto,N/A
56319,4602,867005.36,2401359.28,usft,NAD83(2011),NAD83(2011),auto,N/A
56320,4602,849062.13,2396120.63,usft,NAD83(2011),NAD83(2011),auto,N/A
56321,4602,903296.39,2401582.78,usft,NAD83(2011),NAD83(2011),auto,N/A
56322,4602,848616.6899999998,2378727.59,usft,NAD83(2011),NAD83(2011),auto,N/A
56323,4602,1065447.0,1187671.36,usft,NAD83(2011),NAD83(2011),auto,N/A
56324,4602,1065412.1799999995,1188978.1,usft,NAD83(2011),NAD83(2011),auto,N/A
56325,4602,691585.17,1159826.04,usft,NAD83(2011),NAD83(2011),auto,N/A
56326,4602,699619.79,1145683.15,usft,NAD83(2011),NAD83(2011),auto,N/A
56327,4602,690855.61,1152815.38,usft,NAD83(2011),NAD83(2011),auto,N/A
56328,4602,649912.0,1158580.4299999995,usft,NAD83(2011),NAD83(2011),auto,N/A
56329,4602,699699.77,1145509.85,usft,NAD83(2011),NAD83(2011),auto,N/A
56330,4602,670371.58,1159239.39,usft,NAD83(2011),NAD83(2011),auto,N/A
56331,4602,691815.43,1159833.12,usft,NAD83(2011),NAD83(2011),auto,N/A
56332,4602,710107.9,2486143.51,usft,NAD83(2011),NAD83(2011),auto,N/A
56333,4602,564340.47,1051437.65,usft,NAD83(2011),NAD83(2011),auto,N/A
56334,4602,562843.44,1050373.58,usft,NAD83(2011),NAD83(2011),auto,N/A
56335,4602,1219670.5600000005,1916916.3,usft,NAD83(2011),NAD83(2011),auto,N/A
56336,4602,781869.41,1203609.9299999995,usft,NAD83(2011),NAD83(2011),auto,N/A
56337,4602,781050.36,1207011.5700000005,usft,NAD83(2011),NAD83(2011),auto,N/A
56338,4602,795935.83,1201352.71,usft,NAD83(2011),NAD83(2011),auto,N/A
56339,4602,781820.01,1208750.21,usft,NAD83(2011),NAD83(2011),auto,N/A
56340,4602,798031.76,1200916.27,usft,NAD83(2011),NAD83(2011),auto,N/A
56341,4602,563393.8,1020546.09,usft,NAD83(2011),NAD83(2011),auto,N/A
56342,4602,451216.48,2500564.27,usft,NAD83(2011),NAD83(2011),auto,N/A
56343,4602,125473.55,1086720.75,usft,NAD83(2011),NAD83(2011),auto,N/A
56344,4602,113130.12,1084691.67,usft,NAD83(2011),NAD83(2011),auto,N/A
56345,4602,104165.97,1115428.83,usft,NAD83(2011),NAD83(2011),auto,N/A
56346,4602,133407.52,1115815.15,usft,NAD83(2011),NAD83(2011),auto,N/A
56347,4602,105947.78,1115347.8100000005,usft,NAD83(2011),NAD83(2011),auto,N/A
56348,4602,272952.2,2186874.3,usft,NAD83(2011),NAD83(2011),auto,N/A
56349,4602,268907.49,2131228.32,usft,NAD83(2011),NAD83(2011),auto,N/A
56350,4602,263770.37,2109892.06,usft,NAD83(2011),NAD83(2011),auto,N/A
56351,4602,306583.38,2238234.61,usft,NAD83(2011),NAD83(2011),auto,N/A
56352,4602,281239.35,2043409.76,usft,NAD83(2011),NAD83(2011),auto,N/A
56353,4602,766398.2,1684621.75,usft,NAD83(2011),NAD83(2011),auto,N/A
56354,4602,554587.65,741423.05,usft,NAD83(2011),NAD83(2011),auto,N/A
56355,4602,356016.34,1928078.55,usft,NAD83(2011),NAD83(2011),auto,N/A
56356,4602,211341.09,1071660.54,usft,NAD83(2011),NAD83(2011),auto,N/A
56357,4602,589743.47,1124864.67,usft,NAD83(2011),NAD83(2011),auto,N/A
56358,4602,385070.43,1707076.71,usft,NAD83(2011),NAD83(2011),auto,N/A
56359,4602,742474.58,1242052.54,usft,NAD83(2011),NAD83(2011),auto,N/A
56360,4602,871362.04,2475921.390000001,usft,NAD83(2011),NAD83(2011),auto,N/A
56361,4602,879516.95,2488831.02,usft,NAD83(2011),NAD83(2011),auto,N/A
56362,4602,870367.37,2438002.42,usft,NAD83(2011),NAD83(2011),auto,N/A
56363,4602,864908.1,2424709.24,usft,NAD83(2011),NAD83(2011),auto,N/A
56364,4602,879012.9,2488040.04,usft,NAD83(2011),NAD83(2011),auto,N/A
56365,4602,866923.51,2427390.35,usft,NAD83(2011),NAD83(2011),auto,N/A
56366,4602,867987.34,2428948.67,usft,NAD83(2011),NAD83(2011),auto,N/A
56367,4602,869234.8100000002,2454254.35,usft,NAD83(2011),NAD83(2011),auto,N/A
56368,4602,868444.82,2456316.38,usft,NAD83(2011),NAD83(2011),auto,N/A
56369,4602,867768.85,2428505.26,usft,NAD83(2011),NAD83(2011),auto,N/A
56370,4602,868354.47,2429372.16,usft,NAD83(2011),NAD83(2011),auto,N/A
56371,4602,869039.85,2453582.22,usft,NAD83(2011),NAD83(2011),auto,N/A
56372,4602,868925.85,2454342.98,usft,NAD83(2011),NAD83(2011),auto,N/A
56373,4602,867271.02,2427768.27,usft,NAD83(2011),NAD83(2011),auto,N/A
56374,4602,869272.07,2431231.95,usft,NAD83(2011),NAD83(2011),auto,N/A
56375,4602,867987.34,2428948.67,usft,NAD83(2011),NAD83(2011),auto,N/A
56376,4602,862546.9399999998,2423111.26,usft,NAD83(2011),NAD83(2011),auto,N/A
56377,4602,869600.62,2451660.640000001,usft,NAD83(2011),NAD83(2011),auto,N/A
56378,4602,146184.52,1376595.79,usft,NAD83(2011),NAD83(2011),auto,N/A
56379,4602,1002843.55,1246385.5600000005,usft,NAD83(2011),NAD83(2011),auto,N/A
56380,4602,1032214.75,1204819.38,usft,NAD83(2011),NAD83(2011),auto,N/A
56381,4602,723156.06,1205645.83,usft,NAD83(2011),NAD83(2011),auto,N/A
56382,4602,721969.61,1212785.05,usft,NAD83(2011),NAD83(2011),auto,N/A
56383,4602,722968.27,1204587.53,usft,NAD83(2011),NAD83(2011),auto,N/A
56384,4602,723091.37,1212345.86,usft,NAD83(2011),NAD83(2011),auto,N/A
56385,4602,874282.1,1121369.09,usft,NAD83(2011),NAD83(2011),auto,N/A
56386,4602,831296.86,1225616.89,usft,NAD83(2011),NAD83(2011),auto,N/A
56387,4602,819030.0,1225507.26,usft,NAD83(2011),NAD83(2011),auto,N/A
56388,4602,1260625.9399999995,1168060.89,usft,NAD83(2011),NAD83(2011),auto,N/A
56389,4602,340052.72,1886977.81,usft,NAD83(2011),NAD83(2011),auto,N/A
56390,4602,1339532.3,1101735.5600000005,usft,NAD83(2011),NAD83(2011),auto,N/A
56391,4602,682581.65,1217673.77,usft,NAD83(2011),NAD83(2011),auto,N/A
56392,4602,917651.4,1219730.4299999995,usft,NAD83(2011),NAD83(2011),auto,N/A
56393,4602,916056.6,1240999.65,usft,NAD83(2011),NAD83(2011),auto,N/A
56394,4602,907589.53,1220764.71,usft,NAD83(2011),NAD83(2011),auto,N/A
56395,4602,669683.83,1254494.09,usft,NAD83(2011),NAD83(2011),auto,N/A
56396,4602,784667.29,1186885.72,usft,NAD83(2011),NAD83(2011),auto,N/A
56397,4602,1162860.38,1194165.96,usft,NAD83(2011),NAD83(2011),auto,N/A
56398,4602,1199599.26,1193311.3200000005,usft,NAD83(2011),NAD83(2011),auto,N/A
56399,4602,791614.88,1658664.13,usft,NAD83(2011),NAD83(2011),auto,N/A
56400,4602,372099.27,1031806.85,usft,NAD83(2011),NAD83(2011),auto,N/A
56401,4602,383682.71,878822.66,usft,NAD83(2011),NAD83(2011),auto,N/A
56402,4602,517356.45,1019297.5600000002,usft,NAD83(2011),NAD83(2011),auto,N/A
56403,4602,482346.12,992786.43,usft,NAD83(2011),NAD83(2011),auto,N/A
56404,4602,492943.27,1018355.7,usft,NAD83(2011),NAD83(2011),auto,N/A
56405,4602,764199.17,1414628.35,usft,NAD83(2011),NAD83(2011),auto,N/A
56406,4602,707636.04,1449331.8,usft,NAD83(2011),NAD83(2011),auto,N/A
56407,4602,729992.1,1616648.54,usft,NAD83(2011),NAD83(2011),auto,N/A
56408,4602,677234.04,1520933.54,usft,NAD83(2011),NAD83(2011),auto,N/A
56409,4602,718702.15,1591780.13,usft,NAD83(2011),NAD83(2011),auto,N/A
56410,4602,735120.16,1426141.1,usft,NAD83(2011),NAD83(2011),auto,N/A
56411,4602,650680.8,1566323.89,usft,NAD83(2011),NAD83(2011),auto,N/A
56412,4602,568929.59,2431116.18,usft,NAD83(2011),NAD83(2011),auto,N/A
56413,4602,578142.39,2424240.01,usft,NAD83(2011),NAD83(2011),auto,N/A
56414,4602,1182787.02,2274670.47,usft,NAD83(2011),NAD83(2011),auto,N/A
56415,4602,981188.0600000002,1154794.6799999995,usft,NAD83(2011),NAD83(2011),auto,N/A
56416,4602,756398.07,1195915.5600000005,usft,NAD83(2011),NAD83(2011),auto,N/A
56417,4602,648674.95,1111175.3100000005,usft,NAD83(2011),NAD83(2011),auto,N/A
56418,4602,705141.96,1194972.96,usft,NAD83(2011),NAD83(2011),auto,N/A
56419,4602,575866.64,1646725.91,usft,NAD83(2011),NAD83(2011),auto,N/A
56420,4602,594414.28,1682678.83,usft,NAD83(2011),NAD83(2011),auto,N/A
56421,4602,586054.3,1750453.18,usft,NAD83(2011),NAD83(2011),auto,N/A
56422,4602,610136.99,1617558.23,usft,NAD83(2011),NAD83(2011),auto,N/A
56423,4602,634950.49,935983.3100000002,usft,NAD83(2011),NAD83(2011),auto,N/A
56424,4602,665957.52,1344267.07,usft,NAD83(2011),NAD83(2011),auto,N/A
56425,4602,670546.8199999997,1293025.58,usft,NAD83(2011),NAD83(2011),auto,N/A
56426,4602,947777.87,1221458.8100000005,usft,NAD83(2011),NAD83(2011),auto,N/A
56427,4602,940563.5799999998,1221668.2,usft,NAD83(2011),NAD83(2011),auto,N/A
56428,4602,938996.1700000002,1222553.88,usft,NAD83(2011),NAD83(2011),auto,N/A
56429,4602,989545.09,1228910.52,usft,NAD83(2011),NAD83(2011),auto,N/A
56430,4602,955007.64,1224454.5,usft,NAD83(2011),NAD83(2011),auto,N/A
56431,4602,944812.43,1219395.14,usft,NAD83(2011),NAD83(2011),auto,N/A
56432,4602,944195.84,1217705.8200000005,usft,NAD83(2011),NAD83(2011),auto,N/A
56433,4602,963517.71,1224059.96,usft,NAD83(2011),NAD83(2011),auto,N/A
56434,4602,968790.05,1226300.72,usft,NAD83(2011),NAD83(2011),auto,N/A
56435,4602,972714.79,1228257.53,usft,NAD83(2011),NAD83(2011),auto,N/A
56436,4602,937032.93,1208941.4399999995,usft,NAD83(2011),NAD83(2011),auto,N/A
56437,4602,1303453.91,1188793.3100000005,usft,NAD83(2011),NAD83(2011),auto,N/A
56438,4602,731859.78,1190803.1799999995,usft,NAD83(2011),NAD83(2011),auto,N/A
56439,4602,735442.48,1191099.77,usft,NAD83(2011),NAD83(2011),auto,N/A
56440,4602,728193.99,1194455.49,usft,NAD83(2011),NAD83(2011),auto,N/A
56441,4602,734065.14,1186849.4399999995,usft,NAD83(2011),NAD83(2011),auto,N/A
56442,4602,719228.58,1192014.03,usft,NAD83(2011),NAD83(2011),auto,N/A
56443,4602,701339.26,1171960.75,usft,NAD83(2011),NAD83(2011),auto,N/A
56444,4602,701107.56,1174648.48,usft,NAD83(2011),NAD83(2011),auto,N/A
56445,4602,1017841.11,786400.3,usft,NAD83(2011),NAD83(2011),auto,N/A
56446,4602,683651.58,1846988.14,usft,NAD83(2011),NAD83(2011),auto,N/A
56447,4602,731055.56,1122338.1,usft,NAD83(2011),NAD83(2011),auto,N/A
56448,4602,753117.45,1108137.77,usft,NAD83(2011),NAD83(2011),auto,N/A
56449,4602,1008834.99,1279894.22,usft,NAD83(2011),NAD83(2011),auto,N/A
56450,4602,754157.75,795772.59,usft,NAD83(2011),NAD83(2011),auto,N/A
56451,4602,618164.26,795410.01,usft,NAD83(2011),NAD83(2011),auto,N/A
56452,4602,616851.23,803376.9,usft,NAD83(2011),NAD83(2011),auto,N/A
56453,4602,379778.03,752962.81,usft,NAD83(2011),NAD83(2011),auto,N/A
56454,4602,375741.86,747531.85,usft,NAD83(2011),NAD83(2011),auto,N/A
56455,4602,244444.61,1952608.13,usft,NAD83(2011),NAD83(2011),auto,N/A
56456,4602,316513.96999999986,1978571.56,usft,NAD83(2011),NAD83(2011),auto,N/A
56457,4602,752295.85,1212111.29,usft,NAD83(2011),NAD83(2011),auto,N/A
56458,4602,763983.45,1220283.14,usft,NAD83(2011),NAD83(2011),auto,N/A
56459,4602,743482.32,1192009.11,usft,NAD83(2011),NAD83(2011),auto,N/A
56460,4602,742711.56,1227644.89,usft,NAD83(2011),NAD83(2011),auto,N/A
56461,4602,758152.55,1212480.53,usft,NAD83(2011),NAD83(2011),auto,N/A
56462,4602,750423.8,1208854.46,usft,NAD83(2011),NAD83(2011),auto,N/A
56463,4602,744646.28,1225049.1899999995,usft,NAD83(2011),NAD83(2011),auto,N/A
56464,4602,874715.26,1224808.9,usft,NAD83(2011),NAD83(2011),auto,N/A
56465,4602,640322.37,1087560.9299999995,usft,NAD83(2011),NAD83(2011),auto,N/A
56466,4602,637259.16,1076055.85,usft,NAD83(2011),NAD83(2011),auto,N/A
56467,4602,632957.96,1059993.8,usft,NAD83(2011),NAD83(2011),auto,N/A
56468,4602,638917.4300000003,1076565.6,usft,NAD83(2011),NAD83(2011),auto,N/A
56469,4602,986861.22,1247292.73,usft,NAD83(2011),NAD83(2011),auto,N/A
56470,4602,673681.99,1147734.08,usft,NAD83(2011),NAD83(2011),auto,N/A
56471,4602,674318.03,1148451.0700000005,usft,NAD83(2011),NAD83(2011),auto,N/A
56472,4602,674805.4,1149002.96,usft,NAD83(2011),NAD83(2011),auto,N/A
56473,4602,660934.26,1132159.37,usft,NAD83(2011),NAD83(2011),auto,N/A
56474,4602,675106.17,1149138.16,usft,NAD83(2011),NAD83(2011),auto,N/A
56475,4602,890317.97,1499443.0,usft,NAD83(2011),NAD83(2011),auto,N/A
56476,4602,853177.82,1582521.55,usft,NAD83(2011),NAD83(2011),auto,N/A
56477,4602,390512.98,743091.05,usft,NAD83(2011),NAD83(2011),auto,N/A
56478,4602,910809.51,1193456.54,usft,NAD83(2011),NAD83(2011),auto,N/A
56479,4602,931804.5600000002,1204440.85,usft,NAD83(2011),NAD83(2011),auto,N/A
56480,4602,931129.82,1205050.89,usft,NAD83(2011),NAD83(2011),auto,N/A
56481,4602,990181.03,1229722.92,usft,NAD83(2011),NAD83(2011),auto,N/A
56482,4602,996031.73,1228304.3200000005,usft,NAD83(2011),NAD83(2011),auto,N/A
56483,4602,1027222.25,1228535.14,usft,NAD83(2011),NAD83(2011),auto,N/A
56484,4602,1002090.8299999998,1228414.0700000005,usft,NAD83(2011),NAD83(2011),auto,N/A
56485,4602,994264.12,1228623.36,usft,NAD83(2011),NAD83(2011),auto,N/A
56486,4602,827105.74,1212775.45,usft,NAD83(2011),NAD83(2011),auto,N/A
56487,4602,489866.55,2015403.58,usft,NAD83(2011),NAD83(2011),auto,N/A
56488,4602,932368.6700000002,1229743.7,usft,NAD83(2011),NAD83(2011),auto,N/A
56489,4602,896602.13,1192988.36,usft,NAD83(2011),NAD83(2011),auto,N/A
56490,4602,897090.01,1193556.04,usft,NAD83(2011),NAD83(2011),auto,N/A
56491,4602,1136742.99,1196446.1799999995,usft,NAD83(2011),NAD83(2011),auto,N/A
56492,4602,1136478.64,1204456.4299999995,usft,NAD83(2011),NAD83(2011),auto,N/A
56493,4602,1134268.88,1211221.76,usft,NAD83(2011),NAD83(2011),auto,N/A
56494,4602,1139916.55,1193390.28,usft,NAD83(2011),NAD83(2011),auto,N/A
56495,4602,1141154.59,1168429.58,usft,NAD83(2011),NAD83(2011),auto,N/A
56496,4602,1046021.91,2468209.36,usft,NAD83(2011),NAD83(2011),auto,N/A
56497,4602,788819.66,1319411.64,usft,NAD83(2011),NAD83(2011),auto,N/A
56498,4602,761436.61,1371512.26,usft,NAD83(2011),NAD83(2011),auto,N/A
56499,4602,778322.72,1342490.72,usft,NAD83(2011),NAD83(2011),auto,N/A
56500,4602,795686.06,1312201.72,usft,NAD83(2011),NAD83(2011),auto,N/A
56501,4602,771800.79,1348953.98,usft,NAD83(2011),NAD83(2011),auto,N/A
56502,4602,792162.06,1314882.14,usft,NAD83(2011),NAD83(2011),auto,N/A
56503,4602,629770.09,1046618.47,usft,NAD83(2011),NAD83(2011),auto,N/A
56504,4602,633577.04,1058466.4,usft,NAD83(2011),NAD83(2011),auto,N/A
56505,4602,545923.27,1012715.6899999998,usft,NAD83(2011),NAD83(2011),auto,N/A
56506,4602,1204491.39,1885860.16,usft,NAD83(2011),NAD83(2011),auto,N/A
56507,4602,533429.24,1971929.8,usft,NAD83(2011),NAD83(2011),auto,N/A
56508,4602,712289.92,1203574.04,usft,NAD83(2011),NAD83(2011),auto,N/A
56509,4602,382401.65,1999356.0,usft,NAD83(2011),NAD83(2011),auto,N/A
56510,4602,340499.89,1978822.41,usft,NAD83(2011),NAD83(2011),auto,N/A
56511,4602,343332.57,1973513.8,usft,NAD83(2011),NAD83(2011),auto,N/A
56512,4602,960642.96,1792061.89,usft,NAD83(2011),NAD83(2011),auto,N/A
56513,4602,485428.91,943498.75,usft,NAD83(2011),NAD83(2011),auto,N/A
56514,4602,1021801.38,947006.91,usft,NAD83(2011),NAD83(2011),auto,N/A
56515,4602,798877.11,1118902.25,usft,NAD83(2011),NAD83(2011),auto,N/A
56516,4602,806766.68,1098569.14,usft,NAD83(2011),NAD83(2011),auto,N/A
56517,4602,890412.29,1053042.64,usft,NAD83(2011),NAD83(2011),auto,N/A
56518,4602,1002840.41,1075861.04,usft,NAD83(2011),NAD83(2011),auto,N/A
56519,4602,939905.0,710429.83,usft,NAD83(2011),NAD83(2011),auto,N/A
56520,4602,873343.8100000002,1122316.04,usft,NAD83(2011),NAD83(2011),auto,N/A
56521,4602,906196.37,1128775.5700000005,usft,NAD83(2011),NAD83(2011),auto,N/A
56522,4602,687023.44,1196750.28,usft,NAD83(2011),NAD83(2011),auto,N/A
56523,4602,648825.59,1193768.73,usft,NAD83(2011),NAD83(2011),auto,N/A
56524,4602,663368.3199999997,1194227.73,usft,NAD83(2011),NAD83(2011),auto,N/A
56525,4602,669333.17,1194373.09,usft,NAD83(2011),NAD83(2011),auto,N/A
56526,4602,527092.26,826311.48,usft,NAD83(2011),NAD83(2011),auto,N/A
56527,4602,774706.56,1220542.58,usft,NAD83(2011),NAD83(2011),auto,N/A
56528,4602,773299.76,1215937.92,usft,NAD83(2011),NAD83(2011),auto,N/A
56529,4602,774705.72,1220547.64,usft,NAD83(2011),NAD83(2011),auto,N/A
56530,4602,775418.2,1220224.4299999995,usft,NAD83(2011),NAD83(2011),auto,N/A
56531,4602,784104.72,1215545.04,usft,NAD83(2011),NAD83(2011),auto,N/A
56532,4602,784046.81,1218661.45,usft,NAD83(2011),NAD83(2011),auto,N/A
56533,4602,795437.32,1221468.86,usft,NAD83(2011),NAD83(2011),auto,N/A
56534,4602,339976.12,1953452.5,usft,NAD83(2011),NAD83(2011),auto,N/A
56535,4602,342628.04,1943909.75,usft,NAD83(2011),NAD83(2011),auto,N/A
56536,4602,332751.58000000013,1957839.23,usft,NAD83(2011),NAD83(2011),auto,N/A
56537,4602,643848.5,2040374.86,usft,NAD83(2011),NAD83(2011),auto,N/A
56538,4602,647141.23,2379760.95,usft,NAD83(2011),NAD83(2011),auto,N/A
56539,4602,763643.38,1195398.73,usft,NAD83(2011),NAD83(2011),auto,N/A
56540,4602,763336.99,1195359.6,usft,NAD83(2011),NAD83(2011),auto,N/A
56541,4602,780475.29,1197183.38,usft,NAD83(2011),NAD83(2011),auto,N/A
56542,4602,852981.6899999998,1191344.23,usft,NAD83(2011),NAD83(2011),auto,N/A
56543,4602,834988.79,1188835.77,usft,NAD83(2011),NAD83(2011),auto,N/A
56544,4602,873394.07,1190562.1799999995,usft,NAD83(2011),NAD83(2011),auto,N/A
56545,4602,847062.4200000002,1190896.59,usft,NAD83(2011),NAD83(2011),auto,N/A
56546,4602,832927.66,1189931.79,usft,NAD83(2011),NAD83(2011),auto,N/A
56547,4602,830298.54,1191604.51,usft,NAD83(2011),NAD83(2011),auto,N/A
56548,4602,833282.51,1189713.53,usft,NAD83(2011),NAD83(2011),auto,N/A
56549,4602,833506.26,1188975.76,usft,NAD83(2011),NAD83(2011),auto,N/A
56550,4602,880461.52,1198971.13,usft,NAD83(2011),NAD83(2011),auto,N/A
56551,4602,829205.98,1193232.08,usft,NAD83(2011),NAD83(2011),auto,N/A
56552,4602,848147.5600000002,1191007.3200000005,usft,NAD83(2011),NAD83(2011),auto,N/A
56553,4602,835566.55,1188762.51,usft,NAD83(2011),NAD83(2011),auto,N/A
56554,4602,810931.99,1187413.49,usft,NAD83(2011),NAD83(2011),auto,N/A
56555,4602,848049.4399999998,1198996.1799999995,usft,NAD83(2011),NAD83(2011),auto,N/A
56556,4602,1144417.91,1219246.3,usft,NAD83(2011),NAD83(2011),auto,N/A
56557,4602,504378.7199999999,1662896.42,usft,NAD83(2011),NAD83(2011),auto,N/A
56558,4602,791888.89,1000247.29,usft,NAD83(2011),NAD83(2011),auto,N/A
56559,4602,724533.55,976623.3299999998,usft,NAD83(2011),NAD83(2011),auto,N/A
56560,4602,753044.32,1061675.96,usft,NAD83(2011),NAD83(2011),auto,N/A
56561,4602,870363.3299999998,1461836.76,usft,NAD83(2011),NAD83(2011),auto,N/A
56562,4602,869876.49,1455440.07,usft,NAD83(2011),NAD83(2011),auto,N/A
56563,4602,956712.1899999998,1247962.67,usft,NAD83(2011),NAD83(2011),auto,N/A
56564,4602,797213.19,1304271.54,usft,NAD83(2011),NAD83(2011),auto,N/A
56565,4602,829079.95,2359113.84,usft,NAD83(2011),NAD83(2011),auto,N/A
56566,4602,994219.9200000002,2411445.48,usft,NAD83(2011),NAD83(2011),auto,N/A
56567,4602,861537.72,2410250.57,usft,NAD83(2011),NAD83(2011),auto,N/A
56568,4602,877705.27,2400903.16,usft,NAD83(2011),NAD83(2011),auto,N/A
56569,4602,861248.4399999998,2406801.92,usft,NAD83(2011),NAD83(2011),auto,N/A
56570,4602,856091.48,2370067.27,usft,NAD83(2011),NAD83(2011),auto,N/A
56571,4602,947677.5799999998,2394029.83,usft,NAD83(2011),NAD83(2011),auto,N/A
56572,4602,856504.04,2389377.86,usft,NAD83(2011),NAD83(2011),auto,N/A
56573,4602,861328.3299999998,2406840.29,usft,NAD83(2011),NAD83(2011),auto,N/A
56574,4602,868920.53,2401682.46,usft,NAD83(2011),NAD83(2011),auto,N/A
56575,4602,867725.1700000002,2401732.45,usft,NAD83(2011),NAD83(2011),auto,N/A
56576,4602,887093.36,2400508.67,usft,NAD83(2011),NAD83(2011),auto,N/A
56577,4602,927390.72,1331081.52,usft,NAD83(2011),NAD83(2011),auto,N/A
56578,4602,356165.01,1754912.9099999997,usft,NAD83(2011),NAD83(2011),auto,N/A
56579,4602,699412.49,1147927.9299999995,usft,NAD83(2011),NAD83(2011),auto,N/A
56580,4602,671269.16,1159267.5600000005,usft,NAD83(2011),NAD83(2011),auto,N/A
56581,4602,526713.47,1215914.58,usft,NAD83(2011),NAD83(2011),auto,N/A
56582,4602,667161.38,1159114.51,usft,NAD83(2011),NAD83(2011),auto,N/A
56583,4602,697678.98,1157162.17,usft,NAD83(2011),NAD83(2011),auto,N/A
56584,4602,691165.04,1182507.59,usft,NAD83(2011),NAD83(2011),auto,N/A
56585,4602,701035.94,1160302.64,usft,NAD83(2011),NAD83(2011),auto,N/A
56586,4602,701064.57,1167433.78,usft,NAD83(2011),NAD83(2011),auto,N/A
56587,4602,698027.2,1157984.34,usft,NAD83(2011),NAD83(2011),auto,N/A
56588,4602,689192.31,1152865.95,usft,NAD83(2011),NAD83(2011),auto,N/A
56589,4602,703410.97,1173999.91,usft,NAD83(2011),NAD83(2011),auto,N/A
56590,4602,681720.29,1152360.15,usft,NAD83(2011),NAD83(2011),auto,N/A
56591,4602,714129.85,1140043.42,usft,NAD83(2011),NAD83(2011),auto,N/A
56592,4602,700576.64,1165930.87,usft,NAD83(2011),NAD83(2011),auto,N/A
56593,4602,691585.17,1159826.04,usft,NAD83(2011),NAD83(2011),auto,N/A
56594,4602,698076.69,1154942.58,usft,NAD83(2011),NAD83(2011),auto,N/A
56595,4602,664175.37,1159003.26,usft,NAD83(2011),NAD83(2011),auto,N/A
56596,4602,679461.89,1151708.45,usft,NAD83(2011),NAD83(2011),auto,N/A
56597,4602,698754.36,1160416.53,usft,NAD83(2011),NAD83(2011),auto,N/A
56598,4602,696042.16,1161870.78,usft,NAD83(2011),NAD83(2011),auto,N/A
56599,4602,694970.14,1152107.3,usft,NAD83(2011),NAD83(2011),auto,N/A
56600,4602,599072.51,1107911.12,usft,NAD83(2011),NAD83(2011),auto,N/A
56601,4602,781276.42,1208762.98,usft,NAD83(2011),NAD83(2011),auto,N/A
56602,4602,794215.58,1198216.96,usft,NAD83(2011),NAD83(2011),auto,N/A
56603,4602,788806.19,1202563.15,usft,NAD83(2011),NAD83(2011),auto,N/A
56604,4602,780046.8,1204362.66,usft,NAD83(2011),NAD83(2011),auto,N/A
56605,4602,783455.59,1203130.73,usft,NAD83(2011),NAD83(2011),auto,N/A
56606,4602,625463.36,1040990.12,usft,NAD83(2011),NAD83(2011),auto,N/A
56607,4602,599943.65,1032234.96,usft,NAD83(2011),NAD83(2011),auto,N/A
56608,4602,875245.86,2036171.56,usft,NAD83(2011),NAD83(2011),auto,N/A
56609,4602,132446.08,1115777.78,usft,NAD83(2011),NAD83(2011),auto,N/A
56610,4602,122216.21,1087514.54,usft,NAD83(2011),NAD83(2011),auto,N/A
56611,4602,101921.6,1124556.48,usft,NAD83(2011),NAD83(2011),auto,N/A
56612,4602,105470.55,1115519.45,usft,NAD83(2011),NAD83(2011),auto,N/A
56613,4602,134710.05,1127673.84,usft,NAD83(2011),NAD83(2011),auto,N/A
56614,4602,890911.8299999998,1757004.5,usft,NAD83(2011),NAD83(2011),auto,N/A
56615,4602,759584.28,1688446.77,usft,NAD83(2011),NAD83(2011),auto,N/A
56616,4602,1166907.49,1687415.45,usft,NAD83(2011),NAD83(2011),auto,N/A
56617,4602,1175984.95,1674965.66,usft,NAD83(2011),NAD83(2011),auto,N/A
56618,4602,211861.4,1071554.26,usft,NAD83(2011),NAD83(2011),auto,N/A
56619,4602,211838.38,1071464.62,usft,NAD83(2011),NAD83(2011),auto,N/A
56620,4602,583225.01,1103864.1899999995,usft,NAD83(2011),NAD83(2011),auto,N/A
56621,4602,590331.4,1118344.1899999995,usft,NAD83(2011),NAD83(2011),auto,N/A
56622,4602,867189.03,2427778.76,usft,NAD83(2011),NAD83(2011),auto,N/A
56623,4602,869433.9,2431892.42,usft,NAD83(2011),NAD83(2011),auto,N/A
56624,4602,870346.47,2444575.140000001,usft,NAD83(2011),NAD83(2011),auto,N/A
56625,4602,878219.26,2451059.57,usft,NAD83(2011),NAD83(2011),auto,N/A
56626,4602,869380.3,2443543.140000001,usft,NAD83(2011),NAD83(2011),auto,N/A
56627,4602,870083.8100000002,2449470.76,usft,NAD83(2011),NAD83(2011),auto,N/A
56628,4602,145930.89000000007,1374368.76,usft,NAD83(2011),NAD83(2011),auto,N/A
56629,4602,588102.35,761354.91,usft,NAD83(2011),NAD83(2011),auto,N/A
56630,4602,1061127.8200000005,1256467.79,usft,NAD83(2011),NAD83(2011),auto,N/A
56631,4602,723419.32,1200246.11,usft,NAD83(2011),NAD83(2011),auto,N/A
56632,4602,723107.13,1211180.33,usft,NAD83(2011),NAD83(2011),auto,N/A
56633,4602,730373.39,1207612.6899999995,usft,NAD83(2011),NAD83(2011),auto,N/A
56634,4602,821158.31,1226499.1799999995,usft,NAD83(2011),NAD83(2011),auto,N/A
56635,4602,826681.04,1225858.0600000005,usft,NAD83(2011),NAD83(2011),auto,N/A
56636,4602,821355.31,1226578.55,usft,NAD83(2011),NAD83(2011),auto,N/A
56637,4602,1261534.5,1165674.53,usft,NAD83(2011),NAD83(2011),auto,N/A
56638,4602,1259980.49,1166849.49,usft,NAD83(2011),NAD83(2011),auto,N/A
56639,4602,1276486.02,1200173.66,usft,NAD83(2011),NAD83(2011),auto,N/A
56640,4602,1322359.33,1119100.0600000005,usft,NAD83(2011),NAD83(2011),auto,N/A
56641,4602,893922.91,1224710.1799999995,usft,NAD83(2011),NAD83(2011),auto,N/A
56642,4602,901951.86,1218873.89,usft,NAD83(2011),NAD83(2011),auto,N/A
56643,4602,857498.86,1100339.49,usft,NAD83(2011),NAD83(2011),auto,N/A
56644,4602,1141163.3200000005,1168435.89,usft,NAD83(2011),NAD83(2011),auto,N/A
56645,4602,369295.45,1030453.91,usft,NAD83(2011),NAD83(2011),auto,N/A
56646,4602,496485.15,1017787.21,usft,NAD83(2011),NAD83(2011),auto,N/A
56647,4602,499598.51,1019412.1899999998,usft,NAD83(2011),NAD83(2011),auto,N/A
56648,4602,496493.5,1017742.97,usft,NAD83(2011),NAD83(2011),auto,N/A
56649,4602,902739.72,1730595.8400000003,usft,NAD83(2011),NAD83(2011),auto,N/A
56650,4602,1001667.75,2348213.51,usft,NAD83(2011),NAD83(2011),auto,N/A
56651,4602,742420.53,1424231.51,usft,NAD83(2011),NAD83(2011),auto,N/A
56652,4602,667433.95,1548469.46,usft,NAD83(2011),NAD83(2011),auto,N/A
56653,4602,1053390.03,1119769.34,usft,NAD83(2011),NAD83(2011),auto,N/A
56654,4602,756453.23,1195875.64,usft,NAD83(2011),NAD83(2011),auto,N/A
56655,4602,904698.63,1190197.23,usft,NAD83(2011),NAD83(2011),auto,N/A
56656,4602,646263.86,1574377.99,usft,NAD83(2011),NAD83(2011),auto,N/A
56657,4602,969510.07,1227401.2,usft,NAD83(2011),NAD83(2011),auto,N/A
56658,4602,934162.89,1215380.22,usft,NAD83(2011),NAD83(2011),auto,N/A
56659,4602,932575.4,1205999.39,usft,NAD83(2011),NAD83(2011),auto,N/A
56660,4602,716089.51,1191377.46,usft,NAD83(2011),NAD83(2011),auto,N/A
56661,4602,735445.6,1191151.02,usft,NAD83(2011),NAD83(2011),auto,N/A
56662,4602,732856.52,1190980.7,usft,NAD83(2011),NAD83(2011),auto,N/A
56663,4602,710629.38,1188649.5,usft,NAD83(2011),NAD83(2011),auto,N/A
56664,4602,715013.09,1191045.76,usft,NAD83(2011),NAD83(2011),auto,N/A
56665,4602,718685.22,1189327.12,usft,NAD83(2011),NAD83(2011),auto,N/A
56666,4602,710385.86,1188459.51,usft,NAD83(2011),NAD83(2011),auto,N/A
56667,4602,716920.89,1191631.41,usft,NAD83(2011),NAD83(2011),auto,N/A
56668,4602,727890.78,1190617.78,usft,NAD83(2011),NAD83(2011),auto,N/A
56669,4602,701426.42,1171323.24,usft,NAD83(2011),NAD83(2011),auto,N/A
56670,4602,757026.63,1104563.39,usft,NAD83(2011),NAD83(2011),auto,N/A
56671,4602,810649.31,1254498.59,usft,NAD83(2011),NAD83(2011),auto,N/A
56672,4602,748222.55,1218616.87,usft,NAD83(2011),NAD83(2011),auto,N/A
56673,4602,748217.51,1218607.85,usft,NAD83(2011),NAD83(2011),auto,N/A
56674,4602,742583.41,1234209.29,usft,NAD83(2011),NAD83(2011),auto,N/A
56675,4602,763253.56,1220266.16,usft,NAD83(2011),NAD83(2011),auto,N/A
56676,4602,743483.02,1191955.96,usft,NAD83(2011),NAD83(2011),auto,N/A
56677,4602,749958.61,1194452.65,usft,NAD83(2011),NAD83(2011),auto,N/A
56678,4602,753220.73,1208283.67,usft,NAD83(2011),NAD83(2011),auto,N/A
56679,4602,752291.14,1211607.01,usft,NAD83(2011),NAD83(2011),auto,N/A
56680,4602,855130.04,1224743.48,usft,NAD83(2011),NAD83(2011),auto,N/A
56681,4602,855438.0,1224745.91,usft,NAD83(2011),NAD83(2011),auto,N/A
56682,4602,638229.77,1076030.04,usft,NAD83(2011),NAD83(2011),auto,N/A
56683,4602,671548.13,1166342.36,usft,NAD83(2011),NAD83(2011),auto,N/A
56684,4602,794809.95,1608268.67,usft,NAD83(2011),NAD83(2011),auto,N/A
56685,4602,900982.21,1588097.2,usft,NAD83(2011),NAD83(2011),auto,N/A
56686,4602,322959.52,980448.6,usft,NAD83(2011),NAD83(2011),auto,N/A
56687,4602,318099.24,1000028.9200000002,usft,NAD83(2011),NAD83(2011),auto,N/A
56688,4602,913731.75,1205461.59,usft,NAD83(2011),NAD83(2011),auto,N/A
56689,4602,927386.02,1202586.14,usft,NAD83(2011),NAD83(2011),auto,N/A
56690,4602,919657.39,1205441.65,usft,NAD83(2011),NAD83(2011),auto,N/A
56691,4602,913632.35,1205327.34,usft,NAD83(2011),NAD83(2011),auto,N/A
56692,4602,908457.57,1198275.1,usft,NAD83(2011),NAD83(2011),auto,N/A
56693,4602,910478.23,1201160.5600000005,usft,NAD83(2011),NAD83(2011),auto,N/A
56694,4602,910478.23,1201160.5600000005,usft,NAD83(2011),NAD83(2011),auto,N/A
56695,4602,1023765.15,1228632.25,usft,NAD83(2011),NAD83(2011),auto,N/A
56696,4602,999666.1899999998,1228383.98,usft,NAD83(2011),NAD83(2011),auto,N/A
56697,4602,1002400.87,1228450.36,usft,NAD83(2011),NAD83(2011),auto,N/A
56698,4602,707070.96,1184465.3100000005,usft,NAD83(2011),NAD83(2011),auto,N/A
56699,4602,599145.34,1924712.5900000003,usft,NAD83(2011),NAD83(2011),auto,N/A
56700,4602,1136763.55,1195862.9399999995,usft,NAD83(2011),NAD83(2011),auto,N/A
56701,4602,1136830.45,1194088.92,usft,NAD83(2011),NAD83(2011),auto,N/A
56702,4602,1131530.1799999995,1193739.75,usft,NAD83(2011),NAD83(2011),auto,N/A
56703,4602,765400.53,1186082.66,usft,NAD83(2011),NAD83(2011),auto,N/A
56704,4602,790085.66,1321555.41,usft,NAD83(2011),NAD83(2011),auto,N/A
56705,4602,630127.4300000003,1048228.85,usft,NAD83(2011),NAD83(2011),auto,N/A
56706,4602,712631.17,1203839.1899999995,usft,NAD83(2011),NAD83(2011),auto,N/A
56707,4602,371536.48,1996136.07,usft,NAD83(2011),NAD83(2011),auto,N/A
56708,4602,807194.77,1106223.1799999995,usft,NAD83(2011),NAD83(2011),auto,N/A
56709,4602,907412.3,1112117.12,usft,NAD83(2011),NAD83(2011),auto,N/A
56710,4602,869388.5799999998,1114325.1799999995,usft,NAD83(2011),NAD83(2011),auto,N/A
56711,4602,653132.73,1193897.9399999995,usft,NAD83(2011),NAD83(2011),auto,N/A
56712,4602,652973.26,1193893.52,usft,NAD83(2011),NAD83(2011),auto,N/A
56713,4602,788411.31,1221294.95,usft,NAD83(2011),NAD83(2011),auto,N/A
56714,4602,794476.65,1239465.38,usft,NAD83(2011),NAD83(2011),auto,N/A
56715,4602,352264.48,1942546.49,usft,NAD83(2011),NAD83(2011),auto,N/A
56716,4602,769319.59,1201154.76,usft,NAD83(2011),NAD83(2011),auto,N/A
56717,4602,837540.1,1189191.52,usft,NAD83(2011),NAD83(2011),auto,N/A
56718,4602,867437.36,1189808.98,usft,NAD83(2011),NAD83(2011),auto,N/A
56719,4602,862106.76,1192457.15,usft,NAD83(2011),NAD83(2011),auto,N/A
56720,4602,812401.93,1193927.37,usft,NAD83(2011),NAD83(2011),auto,N/A
56721,4602,877697.6700000002,1191361.89,usft,NAD83(2011),NAD83(2011),auto,N/A
56722,4602,828218.9,1189048.67,usft,NAD83(2011),NAD83(2011),auto,N/A
56723,4602,1010173.05,995968.52,usft,NAD83(2011),NAD83(2011),auto,N/A
56724,4602,758528.25,1042024.23,usft,NAD83(2011),NAD83(2011),auto,N/A
56725,4602,758513.08,1042088.48,usft,NAD83(2011),NAD83(2011),auto,N/A
56726,4602,818639.87,1012220.46,usft,NAD83(2011),NAD83(2011),auto,N/A
56727,4602,757397.6,983814.62,usft,NAD83(2011),NAD83(2011),auto,N/A
56728,4602,764486.62,1414255.02,usft,NAD83(2011),NAD83(2011),auto,N/A
56729,4602,848443.39,2396371.84,usft,NAD83(2011),NAD83(2011),auto,N/A
56730,4602,974283.45,2317259.6,usft,NAD83(2011),NAD83(2011),auto,N/A
56731,4602,1331688.46,1230765.22,usft,NAD83(2011),NAD83(2011),auto,N/A
56732,4602,699496.32,1148503.62,usft,NAD83(2011),NAD83(2011),auto,N/A
56733,4602,683657.0,1159620.9399999995,usft,NAD83(2011),NAD83(2011),auto,N/A
56734,4602,713534.67,1173993.45,usft,NAD83(2011),NAD83(2011),auto,N/A
56735,4602,646453.72,1158457.87,usft,NAD83(2011),NAD83(2011),auto,N/A
56736,4602,705183.71,1159621.39,usft,NAD83(2011),NAD83(2011),auto,N/A
56737,4602,696252.67,1152664.61,usft,NAD83(2011),NAD83(2011),auto,N/A
56738,4602,698317.78,1158743.38,usft,NAD83(2011),NAD83(2011),auto,N/A
56739,4602,689491.72,1153046.87,usft,NAD83(2011),NAD83(2011),auto,N/A
56740,4602,699415.33,1160764.05,usft,NAD83(2011),NAD83(2011),auto,N/A
56741,4602,788409.54,1202098.23,usft,NAD83(2011),NAD83(2011),auto,N/A
56742,4602,121718.65,1096028.25,usft,NAD83(2011),NAD83(2011),auto,N/A
56743,4602,119639.92999999998,1087388.2,usft,NAD83(2011),NAD83(2011),auto,N/A
56744,4602,118617.83,1087473.16,usft,NAD83(2011),NAD83(2011),auto,N/A
56745,4602,773807.15,1680923.96,usft,NAD83(2011),NAD83(2011),auto,N/A
56746,4602,773222.43,1681259.7,usft,NAD83(2011),NAD83(2011),auto,N/A
56747,4602,456457.18,1646334.99,usft,NAD83(2011),NAD83(2011),auto,N/A
56748,4602,475640.9600000001,1617015.15,usft,NAD83(2011),NAD83(2011),auto,N/A
56749,4602,599404.2,1107889.89,usft,NAD83(2011),NAD83(2011),auto,N/A
56750,4602,889203.66,1205860.0700000005,usft,NAD83(2011),NAD83(2011),auto,N/A
56751,4602,868376.7,2456217.54,usft,NAD83(2011),NAD83(2011),auto,N/A
56752,4602,870239.41,2443732.96,usft,NAD83(2011),NAD83(2011),auto,N/A
56753,4602,136171.07,1442011.24,usft,NAD83(2011),NAD83(2011),auto,N/A
56754,4602,115713.78,1482904.25,usft,NAD83(2011),NAD83(2011),auto,N/A
56755,4602,129995.91,1442679.51,usft,NAD83(2011),NAD83(2011),auto,N/A
56756,4602,614672.67,810089.27,usft,NAD83(2011),NAD83(2011),auto,N/A
56757,4602,616071.65,812805.98,usft,NAD83(2011),NAD83(2011),auto,N/A
56758,4602,1133100.63,1125634.92,usft,NAD83(2011),NAD83(2011),auto,N/A
56759,4602,1166526.4399999995,1127456.6899999995,usft,NAD83(2011),NAD83(2011),auto,N/A
56760,4602,1142658.61,1131236.16,usft,NAD83(2011),NAD83(2011),auto,N/A
56761,4602,723168.51,1204669.1899999995,usft,NAD83(2011),NAD83(2011),auto,N/A
56762,4602,871640.75,1133142.4399999995,usft,NAD83(2011),NAD83(2011),auto,N/A
56763,4602,188849.66,1121323.55,usft,NAD83(2011),NAD83(2011),auto,N/A
56764,4602,164644.28,1117945.26,usft,NAD83(2011),NAD83(2011),auto,N/A
56765,4602,169349.85,1118032.71,usft,NAD83(2011),NAD83(2011),auto,N/A
56766,4602,170048.96,1106932.71,usft,NAD83(2011),NAD83(2011),auto,N/A
56767,4602,823207.52,1235818.0600000005,usft,NAD83(2011),NAD83(2011),auto,N/A
56768,4602,819707.87,1226012.35,usft,NAD83(2011),NAD83(2011),auto,N/A
56769,4602,171513.64,1085767.55,usft,NAD83(2011),NAD83(2011),auto,N/A
56770,4602,826936.29,1225790.49,usft,NAD83(2011),NAD83(2011),auto,N/A
56771,4602,819575.74,1225670.96,usft,NAD83(2011),NAD83(2011),auto,N/A
56772,4602,817065.14,1223814.9,usft,NAD83(2011),NAD83(2011),auto,N/A
56773,4602,1273331.46,1196795.72,usft,NAD83(2011),NAD83(2011),auto,N/A
56774,4602,1274902.24,1230130.22,usft,NAD83(2011),NAD83(2011),auto,N/A
56775,4602,341356.99,1896468.49,usft,NAD83(2011),NAD83(2011),auto,N/A
56776,4602,342090.77,1896468.93,usft,NAD83(2011),NAD83(2011),auto,N/A
56777,4602,1311070.9399999995,1104551.62,usft,NAD83(2011),NAD83(2011),auto,N/A
56778,4602,674405.64,1223770.95,usft,NAD83(2011),NAD83(2011),auto,N/A
56779,4602,895351.5799999998,1224507.16,usft,NAD83(2011),NAD83(2011),auto,N/A
56780,4602,909515.35,1220837.02,usft,NAD83(2011),NAD83(2011),auto,N/A
56781,4602,821317.0,1108976.2,usft,NAD83(2011),NAD83(2011),auto,N/A
56782,4602,821007.13,1113550.5700000005,usft,NAD83(2011),NAD83(2011),auto,N/A
56783,4602,840516.46,1115383.17,usft,NAD83(2011),NAD83(2011),auto,N/A
56784,4602,953275.16,1871427.97,usft,NAD83(2011),NAD83(2011),auto,N/A
56785,4602,785583.27,1187605.25,usft,NAD83(2011),NAD83(2011),auto,N/A
56786,4602,1192706.58,1193726.97,usft,NAD83(2011),NAD83(2011),auto,N/A
56787,4602,1145656.35,1193381.49,usft,NAD83(2011),NAD83(2011),auto,N/A
56788,4602,803152.63,1635216.0,usft,NAD83(2011),NAD83(2011),auto,N/A
56789,4602,316117.13,1031696.71,usft,NAD83(2011),NAD83(2011),auto,N/A
56790,4602,314306.56,942969.43,usft,NAD83(2011),NAD83(2011),auto,N/A
56791,4602,322269.10999999987,919279.36,usft,NAD83(2011),NAD83(2011),auto,N/A
56792,4602,383622.01,879185.4,usft,NAD83(2011),NAD83(2011),auto,N/A
56793,4602,482493.38,988719.53,usft,NAD83(2011),NAD83(2011),auto,N/A
56794,4602,1036717.5799999998,2333880.54,usft,NAD83(2011),NAD83(2011),auto,N/A
56795,4602,724620.3,1593466.06,usft,NAD83(2011),NAD83(2011),auto,N/A
56796,4602,740240.48,1424487.42,usft,NAD83(2011),NAD83(2011),auto,N/A
56797,4602,739685.8,1425000.88,usft,NAD83(2011),NAD83(2011),auto,N/A
56798,4602,755778.63,1416601.82,usft,NAD83(2011),NAD83(2011),auto,N/A
56799,4602,671646.94,2416933.85,usft,NAD83(2011),NAD83(2011),auto,N/A
56800,4602,1203439.24,1439898.62,usft,NAD83(2011),NAD83(2011),auto,N/A
56801,4602,1056048.5,1111888.2,usft,NAD83(2011),NAD83(2011),auto,N/A
56802,4602,1034544.91,1129023.71,usft,NAD83(2011),NAD83(2011),auto,N/A
56803,4602,1038422.4399999998,2425287.85,usft,NAD83(2011),NAD83(2011),auto,N/A
56804,4602,647116.1,1106257.04,usft,NAD83(2011),NAD83(2011),auto,N/A
56805,4602,642296.47,1092645.04,usft,NAD83(2011),NAD83(2011),auto,N/A
56806,4602,644349.59,1096946.39,usft,NAD83(2011),NAD83(2011),auto,N/A
56807,4602,762837.75,1690481.3799999997,usft,NAD83(2011),NAD83(2011),auto,N/A
56808,4602,755957.02,1692526.78,usft,NAD83(2011),NAD83(2011),auto,N/A
56809,4602,757383.81,1691677.9099999997,usft,NAD83(2011),NAD83(2011),auto,N/A
56810,4602,747427.41,1706741.46,usft,NAD83(2011),NAD83(2011),auto,N/A
56811,4602,539753.12,1196068.37,usft,NAD83(2011),NAD83(2011),auto,N/A
56812,4602,739317.27,1425403.9,usft,NAD83(2011),NAD83(2011),auto,N/A
56813,4602,615835.08,872937.3299999998,usft,NAD83(2011),NAD83(2011),auto,N/A
56814,4602,616123.03,873942.91,usft,NAD83(2011),NAD83(2011),auto,N/A
56815,4602,943751.3,1216489.66,usft,NAD83(2011),NAD83(2011),auto,N/A
56816,4602,948993.8,1209054.35,usft,NAD83(2011),NAD83(2011),auto,N/A
56817,4602,949013.82,1206365.29,usft,NAD83(2011),NAD83(2011),auto,N/A
56818,4602,949011.38,1206334.3,usft,NAD83(2011),NAD83(2011),auto,N/A
56819,4602,970348.68,1226211.5600000005,usft,NAD83(2011),NAD83(2011),auto,N/A
56820,4602,982778.5600000002,1227202.76,usft,NAD83(2011),NAD83(2011),auto,N/A
56821,4602,933985.6,1214497.38,usft,NAD83(2011),NAD83(2011),auto,N/A
56822,4602,949041.5,1207647.78,usft,NAD83(2011),NAD83(2011),auto,N/A
56823,4602,949039.37,1207732.85,usft,NAD83(2011),NAD83(2011),auto,N/A
56824,4602,943909.5,1221693.02,usft,NAD83(2011),NAD83(2011),auto,N/A
56825,4602,1309775.62,1193173.48,usft,NAD83(2011),NAD83(2011),auto,N/A
56826,4602,724617.19,1193575.83,usft,NAD83(2011),NAD83(2011),auto,N/A
56827,4602,718223.3,1192085.39,usft,NAD83(2011),NAD83(2011),auto,N/A
56828,4602,734330.3,1188671.89,usft,NAD83(2011),NAD83(2011),auto,N/A
56829,4602,720474.55,1192526.63,usft,NAD83(2011),NAD83(2011),auto,N/A
56830,4602,727889.45,1190661.1899999995,usft,NAD83(2011),NAD83(2011),auto,N/A
56831,4602,716530.1,1188404.1799999995,usft,NAD83(2011),NAD83(2011),auto,N/A
56832,4602,1304915.17,1134153.33,usft,NAD83(2011),NAD83(2011),auto,N/A
56833,4602,750636.44,1079872.67,usft,NAD83(2011),NAD83(2011),auto,N/A
56834,4602,619953.41,786039.41,usft,NAD83(2011),NAD83(2011),auto,N/A
56835,4602,820040.67,693616.34,usft,NAD83(2011),NAD83(2011),auto,N/A
56836,4602,400996.32,769450.05,usft,NAD83(2011),NAD83(2011),auto,N/A
56837,4602,809171.7,1260563.85,usft,NAD83(2011),NAD83(2011),auto,N/A
56838,4602,795827.04,1294409.52,usft,NAD83(2011),NAD83(2011),auto,N/A
56839,4602,305858.73,1028176.3299999998,usft,NAD83(2011),NAD83(2011),auto,N/A
56840,4602,319736.57,1979990.51,usft,NAD83(2011),NAD83(2011),auto,N/A
56841,4602,284530.18,1967197.6,usft,NAD83(2011),NAD83(2011),auto,N/A
56842,4602,750426.47,1201503.95,usft,NAD83(2011),NAD83(2011),auto,N/A
56843,4602,750295.63,1211427.13,usft,NAD83(2011),NAD83(2011),auto,N/A
56844,4602,763989.81,1220283.02,usft,NAD83(2011),NAD83(2011),auto,N/A
56845,4602,752291.14,1211607.01,usft,NAD83(2011),NAD83(2011),auto,N/A
56846,4602,757614.62,1207187.4,usft,NAD83(2011),NAD83(2011),auto,N/A
56847,4602,757612.59,1207188.0700000005,usft,NAD83(2011),NAD83(2011),auto,N/A
56848,4602,747514.52,1219866.84,usft,NAD83(2011),NAD83(2011),auto,N/A
56849,4602,769224.48,1220389.76,usft,NAD83(2011),NAD83(2011),auto,N/A
56850,4602,867664.77,1226733.26,usft,NAD83(2011),NAD83(2011),auto,N/A
56851,4602,856448.13,1224790.1899999995,usft,NAD83(2011),NAD83(2011),auto,N/A
56852,4602,628361.23,1082371.36,usft,NAD83(2011),NAD83(2011),auto,N/A
56853,4602,637247.5600000003,1067485.11,usft,NAD83(2011),NAD83(2011),auto,N/A
56854,4602,967290.2,1247812.38,usft,NAD83(2011),NAD83(2011),auto,N/A
56855,4602,673858.93,1147049.16,usft,NAD83(2011),NAD83(2011),auto,N/A
56856,4602,670860.88,1178329.53,usft,NAD83(2011),NAD83(2011),auto,N/A
56857,4602,894513.52,1555146.94,usft,NAD83(2011),NAD83(2011),auto,N/A
56858,4602,915412.91,1207584.4,usft,NAD83(2011),NAD83(2011),auto,N/A
56859,4602,909104.74,1199335.3100000005,usft,NAD83(2011),NAD83(2011),auto,N/A
56860,4602,918988.28,1208090.79,usft,NAD83(2011),NAD83(2011),auto,N/A
56861,4602,918363.39,1207908.39,usft,NAD83(2011),NAD83(2011),auto,N/A
56862,4602,915052.84,1207079.87,usft,NAD83(2011),NAD83(2011),auto,N/A
56863,4602,927965.12,1202966.3,usft,NAD83(2011),NAD83(2011),auto,N/A
56864,4602,1002843.55,1246385.5600000005,usft,NAD83(2011),NAD83(2011),auto,N/A
56865,4602,1029522.4,1228396.92,usft,NAD83(2011),NAD83(2011),auto,N/A
56866,4602,540452.76,1785762.0,usft,NAD83(2011),NAD83(2011),auto,N/A
56867,4602,916784.78,1220205.92,usft,NAD83(2011),NAD83(2011),auto,N/A
56868,4602,925074.29,1278066.5600000005,usft,NAD83(2011),NAD83(2011),auto,N/A
56869,4602,897805.8299999998,1235772.49,usft,NAD83(2011),NAD83(2011),auto,N/A
56870,4602,656307.58,1942187.79,usft,NAD83(2011),NAD83(2011),auto,N/A
56871,4602,646205.1,1817221.65,usft,NAD83(2011),NAD83(2011),auto,N/A
56872,4602,1123024.21,1195586.28,usft,NAD83(2011),NAD83(2011),auto,N/A
56873,4602,1131264.58,1213642.9299999995,usft,NAD83(2011),NAD83(2011),auto,N/A
56874,4602,937692.15,1202293.71,usft,NAD83(2011),NAD83(2011),auto,N/A
56875,4602,1071970.03,2463371.3,usft,NAD83(2011),NAD83(2011),auto,N/A
56876,4602,1084980.66,1114935.99,usft,NAD83(2011),NAD83(2011),auto,N/A
56877,4602,1084491.1,1114902.4399999995,usft,NAD83(2011),NAD83(2011),auto,N/A
56878,4602,580112.08,945289.72,usft,NAD83(2011),NAD83(2011),auto,N/A
56879,4602,1095594.66,1839294.1200000003,usft,NAD83(2011),NAD83(2011),auto,N/A
56880,4602,633228.0699999997,1002931.04,usft,NAD83(2011),NAD83(2011),auto,N/A
56881,4602,633484.46,1020215.35,usft,NAD83(2011),NAD83(2011),auto,N/A
56882,4602,1163916.3100000005,1877083.83,usft,NAD83(2011),NAD83(2011),auto,N/A
56883,4602,336479.44,1990261.96,usft,NAD83(2011),NAD83(2011),auto,N/A
56884,4602,1019749.79,855127.82,usft,NAD83(2011),NAD83(2011),auto,N/A
56885,4602,931593.6,1113965.73,usft,NAD83(2011),NAD83(2011),auto,N/A
56886,4602,940146.34,1092684.83,usft,NAD83(2011),NAD83(2011),auto,N/A
56887,4602,875408.0600000002,1120232.76,usft,NAD83(2011),NAD83(2011),auto,N/A
56888,4602,889817.74,1112056.53,usft,NAD83(2011),NAD83(2011),auto,N/A
56889,4602,920023.43,1127809.28,usft,NAD83(2011),NAD83(2011),auto,N/A
56890,4602,912557.11,1113449.13,usft,NAD83(2011),NAD83(2011),auto,N/A
56891,4602,356726.09,2207671.7,usft,NAD83(2011),NAD83(2011),auto,N/A
56892,4602,523128.49,2471816.79,usft,NAD83(2011),NAD83(2011),auto,N/A
56893,4602,655290.8,1193981.25,usft,NAD83(2011),NAD83(2011),auto,N/A
56894,4602,652946.3199999997,1193872.53,usft,NAD83(2011),NAD83(2011),auto,N/A
56895,4602,670668.78,1194398.3100000005,usft,NAD83(2011),NAD83(2011),auto,N/A
56896,4602,806436.44,1221112.36,usft,NAD83(2011),NAD83(2011),auto,N/A
56897,4602,772876.11,1220491.83,usft,NAD83(2011),NAD83(2011),auto,N/A
56898,4602,787189.62,1219646.1,usft,NAD83(2011),NAD83(2011),auto,N/A
56899,4602,795693.53,1225815.34,usft,NAD83(2011),NAD83(2011),auto,N/A
56900,4602,784084.24,1215543.3100000005,usft,NAD83(2011),NAD83(2011),auto,N/A
56901,4602,339860.94,1950897.48,usft,NAD83(2011),NAD83(2011),auto,N/A
56902,4602,347117.12,1942188.61,usft,NAD83(2011),NAD83(2011),auto,N/A
56903,4602,642239.33,2019548.86,usft,NAD83(2011),NAD83(2011),auto,N/A
56904,4602,616217.1800000003,1130954.34,usft,NAD83(2011),NAD83(2011),auto,N/A
56905,4602,770027.7,1196059.3,usft,NAD83(2011),NAD83(2011),auto,N/A
56906,4602,775676.0,1195972.36,usft,NAD83(2011),NAD83(2011),auto,N/A
56907,4602,873454.8100000002,1186239.72,usft,NAD83(2011),NAD83(2011),auto,N/A
56908,4602,832785.69,1190156.4399999995,usft,NAD83(2011),NAD83(2011),auto,N/A
56909,4602,812223.71,1193771.49,usft,NAD83(2011),NAD83(2011),auto,N/A
56910,4602,836814.03,1188974.05,usft,NAD83(2011),NAD83(2011),auto,N/A
56911,4602,865052.36,1189879.38,usft,NAD83(2011),NAD83(2011),auto,N/A
56912,4602,859866.11,1191941.34,usft,NAD83(2011),NAD83(2011),auto,N/A
56913,4602,799442.23,1199355.22,usft,NAD83(2011),NAD83(2011),auto,N/A
56914,4602,799393.7,1199378.7,usft,NAD83(2011),NAD83(2011),auto,N/A
56915,4602,830507.53,1191121.14,usft,NAD83(2011),NAD83(2011),auto,N/A
56916,4602,872557.45,1190094.02,usft,NAD83(2011),NAD83(2011),auto,N/A
56917,4602,832398.33,1190414.26,usft,NAD83(2011),NAD83(2011),auto,N/A
56918,4602,836548.97,1188893.9399999995,usft,NAD83(2011),NAD83(2011),auto,N/A
56919,4602,873314.7,1190519.71,usft,NAD83(2011),NAD83(2011),auto,N/A
56920,4602,832461.91,1190303.7,usft,NAD83(2011),NAD83(2011),auto,N/A
56921,4602,875745.62,1191305.16,usft,NAD83(2011),NAD83(2011),auto,N/A
56922,4602,849611.8,1195636.71,usft,NAD83(2011),NAD83(2011),auto,N/A
56923,4602,835641.39,1188665.84,usft,NAD83(2011),NAD83(2011),auto,N/A
56924,4602,819139.16,1190913.02,usft,NAD83(2011),NAD83(2011),auto,N/A
56925,4602,829411.67,1191175.11,usft,NAD83(2011),NAD83(2011),auto,N/A
56926,4602,826306.79,1191272.54,usft,NAD83(2011),NAD83(2011),auto,N/A
56927,4602,873815.28,1186243.54,usft,NAD83(2011),NAD83(2011),auto,N/A
56928,4602,821384.14,1190904.16,usft,NAD83(2011),NAD83(2011),auto,N/A
56929,4602,1169273.98,1232519.02,usft,NAD83(2011),NAD83(2011),auto,N/A
56930,4602,762980.9,1061767.47,usft,NAD83(2011),NAD83(2011),auto,N/A
56931,4602,695432.9,994237.11,usft,NAD83(2011),NAD83(2011),auto,N/A
56932,4602,736338.75,1048059.75,usft,NAD83(2011),NAD83(2011),auto,N/A
56933,4602,785334.81,1068970.9,usft,NAD83(2011),NAD83(2011),auto,N/A
56934,4602,895344.99,1195540.29,usft,NAD83(2011),NAD83(2011),auto,N/A
56935,4602,868707.3100000002,1481793.74,usft,NAD83(2011),NAD83(2011),auto,N/A
56936,4602,959511.6899999998,1247922.41,usft,NAD83(2011),NAD83(2011),auto,N/A
56937,4602,795841.73,1294239.79,usft,NAD83(2011),NAD83(2011),auto,N/A
56938,4602,801177.26,1286454.72,usft,NAD83(2011),NAD83(2011),auto,N/A
56939,4602,838090.75,2363282.5,usft,NAD83(2011),NAD83(2011),auto,N/A
56940,4602,905471.5799999998,2401971.58,usft,NAD83(2011),NAD83(2011),auto,N/A
56941,4602,907007.87,2405448.81,usft,NAD83(2011),NAD83(2011),auto,N/A
56942,4602,870186.46,2401231.25,usft,NAD83(2011),NAD83(2011),auto,N/A
56943,4602,994996.62,2411394.95,usft,NAD83(2011),NAD83(2011),auto,N/A
56944,4602,817434.32,2405936.82,usft,NAD83(2011),NAD83(2011),auto,N/A
56945,4602,933608.6700000002,2396115.84,usft,NAD83(2011),NAD83(2011),auto,N/A
56946,4602,1075020.99,1209330.84,usft,NAD83(2011),NAD83(2011),auto,N/A
56947,4602,926140.28,1322456.76,usft,NAD83(2011),NAD83(2011),auto,N/A
56948,4602,695033.18,1160377.45,usft,NAD83(2011),NAD83(2011),auto,N/A
56949,4602,682179.22,1152127.25,usft,NAD83(2011),NAD83(2011),auto,N/A
56950,4602,688893.82,1153318.27,usft,NAD83(2011),NAD83(2011),auto,N/A
56951,4602,674655.51,1159375.3100000005,usft,NAD83(2011),NAD83(2011),auto,N/A
56952,4602,688652.35,1159766.47,usft,NAD83(2011),NAD83(2011),auto,N/A
56953,4602,691729.05,1152762.91,usft,NAD83(2011),NAD83(2011),auto,N/A
56954,4602,701814.55,1160077.1,usft,NAD83(2011),NAD83(2011),auto,N/A
56955,4602,679647.74,1151746.72,usft,NAD83(2011),NAD83(2011),auto,N/A
56956,4602,1183569.12,1874200.1,usft,NAD83(2011),NAD83(2011),auto,N/A
56957,4602,795766.46,1201467.51,usft,NAD83(2011),NAD83(2011),auto,N/A
56958,4602,792949.66,1197184.08,usft,NAD83(2011),NAD83(2011),auto,N/A
56959,4602,798031.76,1200917.1899999995,usft,NAD83(2011),NAD83(2011),auto,N/A
56960,4602,790753.42,1203996.16,usft,NAD83(2011),NAD83(2011),auto,N/A
56961,4602,781305.42,1205791.8200000005,usft,NAD83(2011),NAD83(2011),auto,N/A
56962,4602,798031.76,1200917.1899999995,usft,NAD83(2011),NAD83(2011),auto,N/A
56963,4602,782083.17,1204527.0600000005,usft,NAD83(2011),NAD83(2011),auto,N/A
56964,4602,592412.76,1038958.52,usft,NAD83(2011),NAD83(2011),auto,N/A
56965,4602,599188.63,1031797.3299999998,usft,NAD83(2011),NAD83(2011),auto,N/A
56966,4602,599050.17,1031705.97,usft,NAD83(2011),NAD83(2011),auto,N/A
56967,4602,122962.63,1087998.63,usft,NAD83(2011),NAD83(2011),auto,N/A
56968,4602,403573.63,1658711.29,usft,NAD83(2011),NAD83(2011),auto,N/A
56969,4602,759629.76,1688422.07,usft,NAD83(2011),NAD83(2011),auto,N/A
56970,4602,145180.35999999993,1389094.31,usft,NAD83(2011),NAD83(2011),auto,N/A
56971,4602,501698.0399999999,1598827.34,usft,NAD83(2011),NAD83(2011),auto,N/A
56972,4602,492188.07,1647431.55,usft,NAD83(2011),NAD83(2011),auto,N/A
56973,4602,889285.46,1209511.25,usft,NAD83(2011),NAD83(2011),auto,N/A
56974,4602,889222.14,1210009.52,usft,NAD83(2011),NAD83(2011),auto,N/A
56975,4602,873656.77,2478256.01,usft,NAD83(2011),NAD83(2011),auto,N/A
56976,4602,868930.35,2472304.29,usft,NAD83(2011),NAD83(2011),auto,N/A
56977,4602,869030.95,2443559.26,usft,NAD83(2011),NAD83(2011),auto,N/A
56978,4602,858731.36,2444094.71,usft,NAD83(2011),NAD83(2011),auto,N/A
56979,4602,868030.54,2465021.18,usft,NAD83(2011),NAD83(2011),auto,N/A
56980,4602,869364.75,2443550.04,usft,NAD83(2011),NAD83(2011),auto,N/A
56981,4602,856097.41,2446778.73,usft,NAD83(2011),NAD83(2011),auto,N/A
56982,4602,878469.21,2453725.31,usft,NAD83(2011),NAD83(2011),auto,N/A
56983,4602,922559.52,1209346.38,usft,NAD83(2011),NAD83(2011),auto,N/A
56984,4602,922591.51,1208385.95,usft,NAD83(2011),NAD83(2011),auto,N/A
56985,4602,922574.51,1209565.28,usft,NAD83(2011),NAD83(2011),auto,N/A
56986,4602,855826.15,2364858.91,usft,NAD83(2011),NAD83(2011),auto,N/A
56987,4602,712831.24,1203868.21,usft,NAD83(2011),NAD83(2011),auto,N/A
56988,4602,1166698.48,1122824.1,usft,NAD83(2011),NAD83(2011),auto,N/A
56989,4602,1032575.51,1229489.36,usft,NAD83(2011),NAD83(2011),auto,N/A
56990,4602,1078630.42,1206936.15,usft,NAD83(2011),NAD83(2011),auto,N/A
56991,4602,1083795.59,1203077.55,usft,NAD83(2011),NAD83(2011),auto,N/A
56992,4602,723176.39,1210590.5600000005,usft,NAD83(2011),NAD83(2011),auto,N/A
56993,4602,722601.61,1212324.41,usft,NAD83(2011),NAD83(2011),auto,N/A
56994,4602,723197.99,1210286.77,usft,NAD83(2011),NAD83(2011),auto,N/A
56995,4602,856726.43,1140926.23,usft,NAD83(2011),NAD83(2011),auto,N/A
56996,4602,841320.86,1144501.62,usft,NAD83(2011),NAD83(2011),auto,N/A
56997,4602,841696.8,1232106.05,usft,NAD83(2011),NAD83(2011),auto,N/A
56998,4602,845528.03,1224582.2,usft,NAD83(2011),NAD83(2011),auto,N/A
56999,4602,842459.1,1227209.65,usft,NAD83(2011),NAD83(2011),auto,N/A
57000,4602,1295434.1,1241441.4,usft,NAD83(2011),NAD83(2011),auto,N/A
57001,4602,1260922.54,1168620.5600000005,usft,NAD83(2011),NAD83(2011),auto,N/A
57002,4602,1204018.09,1191169.38,usft,NAD83(2011),NAD83(2011),auto,N/A
57003,4602,1262296.95,1165119.9,usft,NAD83(2011),NAD83(2011),auto,N/A
57004,4602,1241546.86,1229032.66,usft,NAD83(2011),NAD83(2011),auto,N/A
57005,4602,672496.05,1237214.95,usft,NAD83(2011),NAD83(2011),auto,N/A
57006,4602,673480.62,1229269.85,usft,NAD83(2011),NAD83(2011),auto,N/A
57007,4602,886418.84,1219248.01,usft,NAD83(2011),NAD83(2011),auto,N/A
57008,4602,902768.71,1218692.95,usft,NAD83(2011),NAD83(2011),auto,N/A
57009,4602,895238.04,1224602.05,usft,NAD83(2011),NAD83(2011),auto,N/A
57010,4602,893900.9,1224785.8,usft,NAD83(2011),NAD83(2011),auto,N/A
57011,4602,882907.09,1225044.77,usft,NAD83(2011),NAD83(2011),auto,N/A
57012,4602,853584.05,1096817.4,usft,NAD83(2011),NAD83(2011),auto,N/A
57013,4602,858091.37,1101485.09,usft,NAD83(2011),NAD83(2011),auto,N/A
57014,4602,845488.75,1115535.52,usft,NAD83(2011),NAD83(2011),auto,N/A
57015,4602,862789.18,1100398.79,usft,NAD83(2011),NAD83(2011),auto,N/A
57016,4602,813572.41,1103270.21,usft,NAD83(2011),NAD83(2011),auto,N/A
57017,4602,839271.29,1115388.13,usft,NAD83(2011),NAD83(2011),auto,N/A
57018,4602,817297.42,1104315.48,usft,NAD83(2011),NAD83(2011),auto,N/A
57019,4602,816805.97,1106960.42,usft,NAD83(2011),NAD83(2011),auto,N/A
57020,4602,820879.92,1108840.0700000005,usft,NAD83(2011),NAD83(2011),auto,N/A
57021,4602,668574.1899999997,1258297.98,usft,NAD83(2011),NAD83(2011),auto,N/A
57022,4602,773452.14,1189036.92,usft,NAD83(2011),NAD83(2011),auto,N/A
57023,4602,1140169.02,1193391.55,usft,NAD83(2011),NAD83(2011),auto,N/A
57024,4602,799296.47,1644896.37,usft,NAD83(2011),NAD83(2011),auto,N/A
57025,4602,334424.8,1035693.35,usft,NAD83(2011),NAD83(2011),auto,N/A
57026,4602,344611.54,1037567.87,usft,NAD83(2011),NAD83(2011),auto,N/A
57027,4602,514317.45,1024728.5600000002,usft,NAD83(2011),NAD83(2011),auto,N/A
57028,4602,915893.9399999998,1768696.03,usft,NAD83(2011),NAD83(2011),auto,N/A
57029,4602,828838.44,2358862.18,usft,NAD83(2011),NAD83(2011),auto,N/A
57030,4602,804412.73,2365830.28,usft,NAD83(2011),NAD83(2011),auto,N/A
57031,4602,706577.04,1454471.64,usft,NAD83(2011),NAD83(2011),auto,N/A
57032,4602,679543.24,1502817.4,usft,NAD83(2011),NAD83(2011),auto,N/A
57033,4602,667584.51,1548591.29,usft,NAD83(2011),NAD83(2011),auto,N/A
57034,4602,758499.43,1415432.52,usft,NAD83(2011),NAD83(2011),auto,N/A
57035,4602,743892.69,1423694.22,usft,NAD83(2011),NAD83(2011),auto,N/A
57036,4602,625577.83,2425076.140000001,usft,NAD83(2011),NAD83(2011),auto,N/A
57037,4602,572831.48,2428229.11,usft,NAD83(2011),NAD83(2011),auto,N/A
57038,4602,484882.62,2317552.01,usft,NAD83(2011),NAD83(2011),auto,N/A
57039,4602,756600.35,1191242.28,usft,NAD83(2011),NAD83(2011),auto,N/A
57040,4602,758338.43,1195549.92,usft,NAD83(2011),NAD83(2011),auto,N/A
57041,4602,761646.73,1188504.88,usft,NAD83(2011),NAD83(2011),auto,N/A
57042,4602,640361.09,1086725.9399999995,usft,NAD83(2011),NAD83(2011),auto,N/A
57043,4602,539842.58,1195816.08,usft,NAD83(2011),NAD83(2011),auto,N/A
57044,4602,606029.95,1176720.83,usft,NAD83(2011),NAD83(2011),auto,N/A
57045,4602,704612.79,1194958.77,usft,NAD83(2011),NAD83(2011),auto,N/A
57046,4602,896874.26,1188092.96,usft,NAD83(2011),NAD83(2011),auto,N/A
57047,4602,897967.47,1185989.53,usft,NAD83(2011),NAD83(2011),auto,N/A
57048,4602,726442.51,1597396.02,usft,NAD83(2011),NAD83(2011),auto,N/A
57049,4602,939589.8299999998,1221682.1799999995,usft,NAD83(2011),NAD83(2011),auto,N/A
57050,4602,970340.71,1226556.87,usft,NAD83(2011),NAD83(2011),auto,N/A
57051,4602,949043.27,1205884.96,usft,NAD83(2011),NAD83(2011),auto,N/A
57052,4602,970192.52,1227162.79,usft,NAD83(2011),NAD83(2011),auto,N/A
57053,4602,966096.3,1225098.96,usft,NAD83(2011),NAD83(2011),auto,N/A
57054,4602,941349.9200000002,1211789.54,usft,NAD83(2011),NAD83(2011),auto,N/A
57055,4602,948935.52,1205890.87,usft,NAD83(2011),NAD83(2011),auto,N/A
57056,4602,945348.86,1220322.01,usft,NAD83(2011),NAD83(2011),auto,N/A
57057,4602,935396.89,1215962.88,usft,NAD83(2011),NAD83(2011),auto,N/A
57058,4602,961666.29,1223955.46,usft,NAD83(2011),NAD83(2011),auto,N/A
57059,4602,963517.71,1224059.96,usft,NAD83(2011),NAD83(2011),auto,N/A
57060,4602,968909.9399999998,1239032.27,usft,NAD83(2011),NAD83(2011),auto,N/A
57061,4602,929852.0600000002,1212223.77,usft,NAD83(2011),NAD83(2011),auto,N/A
57062,4602,935785.11,1208123.9299999995,usft,NAD83(2011),NAD83(2011),auto,N/A
57063,4602,977589.0600000002,1230524.5600000005,usft,NAD83(2011),NAD83(2011),auto,N/A
57064,4602,1303755.9,1174943.34,usft,NAD83(2011),NAD83(2011),auto,N/A
57065,4602,730541.25,1190728.97,usft,NAD83(2011),NAD83(2011),auto,N/A
57066,4602,734335.14,1184994.95,usft,NAD83(2011),NAD83(2011),auto,N/A
57067,4602,714303.74,1191210.0700000005,usft,NAD83(2011),NAD83(2011),auto,N/A
57068,4602,731871.24,1190805.3200000005,usft,NAD83(2011),NAD83(2011),auto,N/A
57069,4602,728326.13,1194679.35,usft,NAD83(2011),NAD83(2011),auto,N/A
57070,4602,701561.53,1170316.64,usft,NAD83(2011),NAD83(2011),auto,N/A
57071,4602,701531.36,1179198.49,usft,NAD83(2011),NAD83(2011),auto,N/A
57072,4602,732894.47,1121384.6899999995,usft,NAD83(2011),NAD83(2011),auto,N/A
57073,4602,745526.72,1116866.77,usft,NAD83(2011),NAD83(2011),auto,N/A
57074,4602,742741.74,1117208.84,usft,NAD83(2011),NAD83(2011),auto,N/A
57075,4602,751847.48,1114603.78,usft,NAD83(2011),NAD83(2011),auto,N/A
57076,4602,646998.39,736671.45,usft,NAD83(2011),NAD83(2011),auto,N/A
57077,4602,796527.97,1247543.33,usft,NAD83(2011),NAD83(2011),auto,N/A
57078,4602,325752.51,1993565.3400000003,usft,NAD83(2011),NAD83(2011),auto,N/A
57079,4602,743897.1,1195462.05,usft,NAD83(2011),NAD83(2011),auto,N/A
57080,4602,755846.77,1196506.3,usft,NAD83(2011),NAD83(2011),auto,N/A
57081,4602,741587.8,1206802.02,usft,NAD83(2011),NAD83(2011),auto,N/A
57082,4602,848106.46,1224536.15,usft,NAD83(2011),NAD83(2011),auto,N/A
57083,4602,867561.52,1226717.29,usft,NAD83(2011),NAD83(2011),auto,N/A
57084,4602,638009.86,1071102.2,usft,NAD83(2011),NAD83(2011),auto,N/A
57085,4602,637381.35,1067562.9399999995,usft,NAD83(2011),NAD83(2011),auto,N/A
57086,4602,621229.36,1085309.85,usft,NAD83(2011),NAD83(2011),auto,N/A
57087,4602,616063.34,1098749.3,usft,NAD83(2011),NAD83(2011),auto,N/A
57088,4602,634150.79,1062929.28,usft,NAD83(2011),NAD83(2011),auto,N/A
57089,4602,886096.4,1201500.08,usft,NAD83(2011),NAD83(2011),auto,N/A
57090,4602,888618.43,1202466.21,usft,NAD83(2011),NAD83(2011),auto,N/A
57091,4602,987514.97,1255461.99,usft,NAD83(2011),NAD83(2011),auto,N/A
57092,4602,667505.97,1141698.3,usft,NAD83(2011),NAD83(2011),auto,N/A
57093,4602,674336.98,1148583.51,usft,NAD83(2011),NAD83(2011),auto,N/A
57094,4602,656383.21,1126632.89,usft,NAD83(2011),NAD83(2011),auto,N/A
57095,4602,667977.13,1141718.2,usft,NAD83(2011),NAD83(2011),auto,N/A
57096,4602,910926.55,1200019.54,usft,NAD83(2011),NAD83(2011),auto,N/A
57097,4602,912373.02,1197377.78,usft,NAD83(2011),NAD83(2011),auto,N/A
57098,4602,912342.1899999998,1198048.63,usft,NAD83(2011),NAD83(2011),auto,N/A
57099,4602,912343.63,1198048.02,usft,NAD83(2011),NAD83(2011),auto,N/A
57100,4602,911991.61,1207113.28,usft,NAD83(2011),NAD83(2011),auto,N/A
57101,4602,914763.88,1206807.55,usft,NAD83(2011),NAD83(2011),auto,N/A
57102,4602,921317.35,1208520.28,usft,NAD83(2011),NAD83(2011),auto,N/A
57103,4602,907410.47,1197091.99,usft,NAD83(2011),NAD83(2011),auto,N/A
57104,4602,988114.14,1229952.04,usft,NAD83(2011),NAD83(2011),auto,N/A
57105,4602,995884.53,1228882.54,usft,NAD83(2011),NAD83(2011),auto,N/A
57106,4602,996351.16,1228185.98,usft,NAD83(2011),NAD83(2011),auto,N/A
57107,4602,995782.6899999998,1232476.35,usft,NAD83(2011),NAD83(2011),auto,N/A
57108,4602,1013483.1899999998,1228974.34,usft,NAD83(2011),NAD83(2011),auto,N/A
57109,4602,1327062.35,2408337.97,usft,NAD83(2011),NAD83(2011),auto,N/A
57110,4602,932706.15,1219790.13,usft,NAD83(2011),NAD83(2011),auto,N/A
57111,4602,603056.84,856273.1700000002,usft,NAD83(2011),NAD83(2011),auto,N/A
57112,4602,486343.81,1213509.23,usft,NAD83(2011),NAD83(2011),auto,N/A
57113,4602,658155.1,1944622.51,usft,NAD83(2011),NAD83(2011),auto,N/A
57114,4602,905771.01,1195064.25,usft,NAD83(2011),NAD83(2011),auto,N/A
57115,4602,1135807.5,1193300.15,usft,NAD83(2011),NAD83(2011),auto,N/A
57116,4602,1123453.64,1195538.02,usft,NAD83(2011),NAD83(2011),auto,N/A
57117,4602,1115049.1799999995,1194089.8100000005,usft,NAD83(2011),NAD83(2011),auto,N/A
57118,4602,941909.47,1200572.73,usft,NAD83(2011),NAD83(2011),auto,N/A
57119,4602,484687.2899999999,1429094.32,usft,NAD83(2011),NAD83(2011),auto,N/A
57120,4602,464829.57,1040120.26,usft,NAD83(2011),NAD83(2011),auto,N/A
57121,4602,473189.06,1035595.71,usft,NAD83(2011),NAD83(2011),auto,N/A
57122,4602,1057630.3100000005,2483568.93,usft,NAD83(2011),NAD83(2011),auto,N/A
57123,4602,753595.81,1399450.28,usft,NAD83(2011),NAD83(2011),auto,N/A
57124,4602,627208.78,1043184.23,usft,NAD83(2011),NAD83(2011),auto,N/A
57125,4602,629018.4,1032043.26,usft,NAD83(2011),NAD83(2011),auto,N/A
57126,4602,627910.6899999997,1043655.0600000002,usft,NAD83(2011),NAD83(2011),auto,N/A
57127,4602,1130396.53,1884440.17,usft,NAD83(2011),NAD83(2011),auto,N/A
57128,4602,704617.29,1203801.88,usft,NAD83(2011),NAD83(2011),auto,N/A
57129,4602,342137.49,1973526.6200000003,usft,NAD83(2011),NAD83(2011),auto,N/A
57130,4602,337197.82,1986582.92,usft,NAD83(2011),NAD83(2011),auto,N/A
57131,4602,336964.54,1994965.93,usft,NAD83(2011),NAD83(2011),auto,N/A
57132,4602,1023936.65,1755965.17,usft,NAD83(2011),NAD83(2011),auto,N/A
57133,4602,799056.67,1114051.38,usft,NAD83(2011),NAD83(2011),auto,N/A
57134,4602,1016322.3100000002,1074591.37,usft,NAD83(2011),NAD83(2011),auto,N/A
57135,4602,872923.61,1127277.25,usft,NAD83(2011),NAD83(2011),auto,N/A
57136,4602,874903.1700000002,1130622.04,usft,NAD83(2011),NAD83(2011),auto,N/A
57137,4602,882905.77,1114486.84,usft,NAD83(2011),NAD83(2011),auto,N/A
57138,4602,521356.85,2472329.83,usft,NAD83(2011),NAD83(2011),auto,N/A
57139,4602,524541.98,2476610.18,usft,NAD83(2011),NAD83(2011),auto,N/A
57140,4602,686758.66,1190962.92,usft,NAD83(2011),NAD83(2011),auto,N/A
57141,4602,686056.81,1200985.37,usft,NAD83(2011),NAD83(2011),auto,N/A
57142,4602,671580.32,1193817.28,usft,NAD83(2011),NAD83(2011),auto,N/A
57143,4602,652335.37,1193875.8,usft,NAD83(2011),NAD83(2011),auto,N/A
57144,4602,685860.96,1198105.7,usft,NAD83(2011),NAD83(2011),auto,N/A
57145,4602,632221.96,1193070.59,usft,NAD83(2011),NAD83(2011),auto,N/A
57146,4602,693728.91,1802144.93,usft,NAD83(2011),NAD83(2011),auto,N/A
57147,4602,693915.93,1811699.48,usft,NAD83(2011),NAD83(2011),auto,N/A
57148,4602,855939.4200000002,1244946.14,usft,NAD83(2011),NAD83(2011),auto,N/A
57149,4602,782882.75,1212004.91,usft,NAD83(2011),NAD83(2011),auto,N/A
57150,4602,780374.98,1215582.88,usft,NAD83(2011),NAD83(2011),auto,N/A
57151,4602,782657.06,1215101.97,usft,NAD83(2011),NAD83(2011),auto,N/A
57152,4602,774712.71,1220542.85,usft,NAD83(2011),NAD83(2011),auto,N/A
57153,4602,341941.4,1952087.14,usft,NAD83(2011),NAD83(2011),auto,N/A
57154,4602,339977.93,1946763.75,usft,NAD83(2011),NAD83(2011),auto,N/A
57155,4602,339964.87,1946750.63,usft,NAD83(2011),NAD83(2011),auto,N/A
57156,4602,332757.53000000014,1957839.25,usft,NAD83(2011),NAD83(2011),auto,N/A
57157,4602,759238.84,1196524.21,usft,NAD83(2011),NAD83(2011),auto,N/A
57158,4602,790383.68,1205730.72,usft,NAD83(2011),NAD83(2011),auto,N/A
57159,4602,840836.5,1188061.4399999995,usft,NAD83(2011),NAD83(2011),auto,N/A
57160,4602,834692.33,1188670.99,usft,NAD83(2011),NAD83(2011),auto,N/A
57161,4602,880854.4,1187317.75,usft,NAD83(2011),NAD83(2011),auto,N/A
57162,4602,864045.46,1194420.6899999995,usft,NAD83(2011),NAD83(2011),auto,N/A
57163,4602,834625.29,1188813.1899999995,usft,NAD83(2011),NAD83(2011),auto,N/A
57164,4602,871159.8299999998,1196872.71,usft,NAD83(2011),NAD83(2011),auto,N/A
57165,4602,838493.17,1185715.29,usft,NAD83(2011),NAD83(2011),auto,N/A
57166,4602,868934.1700000002,1196696.74,usft,NAD83(2011),NAD83(2011),auto,N/A
57167,4602,838341.08,1185694.35,usft,NAD83(2011),NAD83(2011),auto,N/A
57168,4602,788785.09,1207974.75,usft,NAD83(2011),NAD83(2011),auto,N/A
57169,4602,874390.16,1191169.9399999995,usft,NAD83(2011),NAD83(2011),auto,N/A
57170,4602,874737.3,1191209.09,usft,NAD83(2011),NAD83(2011),auto,N/A
57171,4602,828082.4,1195567.14,usft,NAD83(2011),NAD83(2011),auto,N/A
57172,4602,875979.71,1191313.27,usft,NAD83(2011),NAD83(2011),auto,N/A
57173,4602,813094.68,1192138.3200000005,usft,NAD83(2011),NAD83(2011),auto,N/A
57174,4602,873721.3,1190751.67,usft,NAD83(2011),NAD83(2011),auto,N/A
57175,4602,821409.7,1191262.15,usft,NAD83(2011),NAD83(2011),auto,N/A
57176,4602,819436.42,1190958.59,usft,NAD83(2011),NAD83(2011),auto,N/A
57177,4602,837893.43,1189367.49,usft,NAD83(2011),NAD83(2011),auto,N/A
57178,4602,856150.36,1191333.5700000005,usft,NAD83(2011),NAD83(2011),auto,N/A
57179,4602,823827.38,1191417.53,usft,NAD83(2011),NAD83(2011),auto,N/A
57180,4602,838003.66,1189311.96,usft,NAD83(2011),NAD83(2011),auto,N/A
57181,4602,832003.7,1190677.33,usft,NAD83(2011),NAD83(2011),auto,N/A
57182,4602,1158185.4399999995,1210382.8,usft,NAD83(2011),NAD83(2011),auto,N/A
57183,4602,1161375.02,1216355.08,usft,NAD83(2011),NAD83(2011),auto,N/A
57184,4602,1169641.95,1269966.71,usft,NAD83(2011),NAD83(2011),auto,N/A
57185,4602,1010478.93,996182.45,usft,NAD83(2011),NAD83(2011),auto,N/A
57186,4602,781521.74,1065839.22,usft,NAD83(2011),NAD83(2011),auto,N/A
57187,4602,766268.59,1060707.73,usft,NAD83(2011),NAD83(2011),auto,N/A
57188,4602,695745.59,994284.59,usft,NAD83(2011),NAD83(2011),auto,N/A
57189,4602,714748.25,1019865.91,usft,NAD83(2011),NAD83(2011),auto,N/A
57190,4602,781769.43,1066224.66,usft,NAD83(2011),NAD83(2011),auto,N/A
57191,4602,779302.52,1063955.98,usft,NAD83(2011),NAD83(2011),auto,N/A
57192,4602,889023.86,1190528.51,usft,NAD83(2011),NAD83(2011),auto,N/A
57193,4602,881998.1899999998,1190920.7,usft,NAD83(2011),NAD83(2011),auto,N/A
57194,4602,869714.35,1450273.62,usft,NAD83(2011),NAD83(2011),auto,N/A
57195,4602,952109.1700000002,1247713.54,usft,NAD83(2011),NAD83(2011),auto,N/A
57196,4602,952393.0799999998,1247878.75,usft,NAD83(2011),NAD83(2011),auto,N/A
57197,4602,763017.07,1265169.28,usft,NAD83(2011),NAD83(2011),auto,N/A
57198,4602,893664.77,2400956.370000001,usft,NAD83(2011),NAD83(2011),auto,N/A
57199,4602,887068.74,2400561.49,usft,NAD83(2011),NAD83(2011),auto,N/A
57200,4602,809659.26,2467041.17,usft,NAD83(2011),NAD83(2011),auto,N/A
57201,4602,861055.16,2401035.11,usft,NAD83(2011),NAD83(2011),auto,N/A
57202,4602,730011.8,2266881.52,usft,NAD83(2011),NAD83(2011),auto,N/A
57203,4602,1330419.3,1228843.29,usft,NAD83(2011),NAD83(2011),auto,N/A
57204,4602,697974.69,1205470.96,usft,NAD83(2011),NAD83(2011),auto,N/A
57205,4602,710872.31,1139970.53,usft,NAD83(2011),NAD83(2011),auto,N/A
57206,4602,658150.47,1158778.64,usft,NAD83(2011),NAD83(2011),auto,N/A
57207,4602,698206.97,1158304.8,usft,NAD83(2011),NAD83(2011),auto,N/A
57208,4602,664549.8199999997,1159016.15,usft,NAD83(2011),NAD83(2011),auto,N/A
57209,4602,659011.76,1158814.7,usft,NAD83(2011),NAD83(2011),auto,N/A
57210,4602,695238.07,1153607.13,usft,NAD83(2011),NAD83(2011),auto,N/A
57211,4602,701361.07,1143306.09,usft,NAD83(2011),NAD83(2011),auto,N/A
57212,4602,698142.8,1158301.7,usft,NAD83(2011),NAD83(2011),auto,N/A
57213,4602,552891.62,1185002.8100000005,usft,NAD83(2011),NAD83(2011),auto,N/A
57214,4602,661652.79,1158918.1799999995,usft,NAD83(2011),NAD83(2011),auto,N/A
57215,4602,671676.64,1152824.46,usft,NAD83(2011),NAD83(2011),auto,N/A
57216,4602,700565.8,1165905.3,usft,NAD83(2011),NAD83(2011),auto,N/A
57217,4602,679964.7,1151813.3,usft,NAD83(2011),NAD83(2011),auto,N/A
57218,4602,700802.45,1168469.23,usft,NAD83(2011),NAD83(2011),auto,N/A
57219,4602,719194.81,1140197.97,usft,NAD83(2011),NAD83(2011),auto,N/A
57220,4602,673243.96,1159332.38,usft,NAD83(2011),NAD83(2011),auto,N/A
57221,4602,654467.36,1158728.36,usft,NAD83(2011),NAD83(2011),auto,N/A
57222,4602,689162.91,1153662.8100000005,usft,NAD83(2011),NAD83(2011),auto,N/A
57223,4602,689174.34,1152333.0700000005,usft,NAD83(2011),NAD83(2011),auto,N/A
57224,4602,779420.74,1203923.77,usft,NAD83(2011),NAD83(2011),auto,N/A
57225,4602,796869.94,1200932.41,usft,NAD83(2011),NAD83(2011),auto,N/A
57226,4602,780095.0,1203698.03,usft,NAD83(2011),NAD83(2011),auto,N/A
57227,4602,781315.46,1205594.8,usft,NAD83(2011),NAD83(2011),auto,N/A
57228,4602,781758.44,1202431.66,usft,NAD83(2011),NAD83(2011),auto,N/A
57229,4602,781330.4,1204691.04,usft,NAD83(2011),NAD83(2011),auto,N/A
57230,4602,448469.6,1647187.22,usft,NAD83(2011),NAD83(2011),auto,N/A
57231,4602,448469.35,1647185.65,usft,NAD83(2011),NAD83(2011),auto,N/A
57232,4602,129607.77,1108562.38,usft,NAD83(2011),NAD83(2011),auto,N/A
57233,4602,132448.39,1115794.6,usft,NAD83(2011),NAD83(2011),auto,N/A
57234,4602,167501.35999999993,1086956.23,usft,NAD83(2011),NAD83(2011),auto,N/A
57235,4602,133858.05,1106460.4399999995,usft,NAD83(2011),NAD83(2011),auto,N/A
57236,4602,162371.9,1087916.51,usft,NAD83(2011),NAD83(2011),auto,N/A
57237,4602,116372.59,1113498.46,usft,NAD83(2011),NAD83(2011),auto,N/A
57238,4602,121968.58,1098129.5600000005,usft,NAD83(2011),NAD83(2011),auto,N/A
57239,4602,132449.32,1115823.1899999995,usft,NAD83(2011),NAD83(2011),auto,N/A
57240,4602,350557.76,2237046.55,usft,NAD83(2011),NAD83(2011),auto,N/A
57241,4602,775278.31,1680836.4099999997,usft,NAD83(2011),NAD83(2011),auto,N/A
57242,4602,774390.03,1680771.03,usft,NAD83(2011),NAD83(2011),auto,N/A
57243,4602,216995.25,1069853.6,usft,NAD83(2011),NAD83(2011),auto,N/A
57244,4602,488507.69,1606256.77,usft,NAD83(2011),NAD83(2011),auto,N/A
57245,4602,889191.35,1210002.91,usft,NAD83(2011),NAD83(2011),auto,N/A
57246,4602,851542.04,1249087.0600000005,usft,NAD83(2011),NAD83(2011),auto,N/A
57247,4602,849511.6,1258513.6899999995,usft,NAD83(2011),NAD83(2011),auto,N/A
57248,4602,1045840.93,1224574.8100000005,usft,NAD83(2011),NAD83(2011),auto,N/A
57249,4602,1056573.9399999995,1248495.15,usft,NAD83(2011),NAD83(2011),auto,N/A
57250,4602,1064192.15,1260587.3200000005,usft,NAD83(2011),NAD83(2011),auto,N/A
57251,4602,835968.78,1224009.97,usft,NAD83(2011),NAD83(2011),auto,N/A
57252,4602,1271237.11,1191951.85,usft,NAD83(2011),NAD83(2011),auto,N/A
57253,4602,1264673.3200000005,1161259.61,usft,NAD83(2011),NAD83(2011),auto,N/A
57254,4602,140956.48,1393723.4,usft,NAD83(2011),NAD83(2011),auto,N/A
57255,4602,907587.1,1220783.61,usft,NAD83(2011),NAD83(2011),auto,N/A
57256,4602,804448.04,1088921.0600000005,usft,NAD83(2011),NAD83(2011),auto,N/A
57257,4602,702113.22,1465889.19,usft,NAD83(2011),NAD83(2011),auto,N/A
57258,4602,668114.21,1562572.32,usft,NAD83(2011),NAD83(2011),auto,N/A
57259,4602,466860.2100000001,2036044.08,usft,NAD83(2011),NAD83(2011),auto,N/A
57260,4602,699830.53,1270399.54,usft,NAD83(2011),NAD83(2011),auto,N/A
57261,4602,944815.68,1219376.72,usft,NAD83(2011),NAD83(2011),auto,N/A
57262,4602,937630.97,1217950.01,usft,NAD83(2011),NAD83(2011),auto,N/A
57263,4602,725644.75,1193858.98,usft,NAD83(2011),NAD83(2011),auto,N/A
57264,4602,701640.56,1169563.4399999995,usft,NAD83(2011),NAD83(2011),auto,N/A
57265,4602,905887.7,1375045.55,usft,NAD83(2011),NAD83(2011),auto,N/A
57266,4602,953975.35,2005508.1200000003,usft,NAD83(2011),NAD83(2011),auto,N/A
57267,4602,1169337.86,1279009.88,usft,NAD83(2011),NAD83(2011),auto,N/A
57268,4602,810650.7,1254464.2,usft,NAD83(2011),NAD83(2011),auto,N/A
57269,4602,803147.03,1285161.6,usft,NAD83(2011),NAD83(2011),auto,N/A
57270,4602,241921.15,1051103.9299999995,usft,NAD83(2011),NAD83(2011),auto,N/A
57271,4602,313272.34000000014,1975532.27,usft,NAD83(2011),NAD83(2011),auto,N/A
57272,4602,968559.2,1247793.97,usft,NAD83(2011),NAD83(2011),auto,N/A
57273,4602,673857.68,1147048.0700000005,usft,NAD83(2011),NAD83(2011),auto,N/A
57274,4602,673392.1,1148343.36,usft,NAD83(2011),NAD83(2011),auto,N/A
57275,4602,893867.41,1534981.36,usft,NAD83(2011),NAD83(2011),auto,N/A
57276,4602,319750.96,1031346.34,usft,NAD83(2011),NAD83(2011),auto,N/A
57277,4602,933651.84,1232900.91,usft,NAD83(2011),NAD83(2011),auto,N/A
57278,4602,908103.59,1276279.27,usft,NAD83(2011),NAD83(2011),auto,N/A
57279,4602,444735.4,1091438.37,usft,NAD83(2011),NAD83(2011),auto,N/A
57280,4602,486322.83,1608541.67,usft,NAD83(2011),NAD83(2011),auto,N/A
57281,4602,450398.89,1042466.62,usft,NAD83(2011),NAD83(2011),auto,N/A
57282,4602,1321395.52,1202370.9,usft,NAD83(2011),NAD83(2011),auto,N/A
57283,4602,755348.29,1403809.05,usft,NAD83(2011),NAD83(2011),auto,N/A
57284,4602,634616.9,1018912.52,usft,NAD83(2011),NAD83(2011),auto,N/A
57285,4602,629817.4300000003,1046600.29,usft,NAD83(2011),NAD83(2011),auto,N/A
57286,4602,334631.93,1987215.2,usft,NAD83(2011),NAD83(2011),auto,N/A
57287,4602,1047270.82,804404.03,usft,NAD83(2011),NAD83(2011),auto,N/A
57288,4602,772578.78,1114882.39,usft,NAD83(2011),NAD83(2011),auto,N/A
57289,4602,907295.4399999998,1130836.4,usft,NAD83(2011),NAD83(2011),auto,N/A
57290,4602,856915.93,1242634.9,usft,NAD83(2011),NAD83(2011),auto,N/A
57291,4602,721623.22,1140276.63,usft,NAD83(2011),NAD83(2011),auto,N/A
57292,4602,766003.69,1197874.16,usft,NAD83(2011),NAD83(2011),auto,N/A
57293,4602,829039.56,1194047.42,usft,NAD83(2011),NAD83(2011),auto,N/A
57294,4602,857103.73,1191401.87,usft,NAD83(2011),NAD83(2011),auto,N/A
57295,4602,862627.52,1191220.02,usft,NAD83(2011),NAD83(2011),auto,N/A
57296,4602,825314.11,1191297.76,usft,NAD83(2011),NAD83(2011),auto,N/A
57297,4602,1158408.67,1210793.98,usft,NAD83(2011),NAD83(2011),auto,N/A
57298,4602,1158434.35,1210848.53,usft,NAD83(2011),NAD83(2011),auto,N/A
57299,4602,714677.03,1019062.32,usft,NAD83(2011),NAD83(2011),auto,N/A
57300,4602,777643.19,1063173.59,usft,NAD83(2011),NAD83(2011),auto,N/A
57301,4602,870239.87,1487162.59,usft,NAD83(2011),NAD83(2011),auto,N/A
57302,4602,797542.12,1306940.61,usft,NAD83(2011),NAD83(2011),auto,N/A
57303,4602,442327.13,787558.06,usft,NAD83(2011),NAD83(2011),auto,N/A
57304,4602,902249.4,2401371.21,usft,NAD83(2011),NAD83(2011),auto,N/A
57305,4602,883390.75,2394490.63,usft,NAD83(2011),NAD83(2011),auto,N/A
57306,4602,645061.03,1158410.85,usft,NAD83(2011),NAD83(2011),auto,N/A
57307,4602,698477.99,1161043.71,usft,NAD83(2011),NAD83(2011),auto,N/A
57308,4602,700711.75,1165771.55,usft,NAD83(2011),NAD83(2011),auto,N/A
57309,4602,699814.99,1162759.63,usft,NAD83(2011),NAD83(2011),auto,N/A
57310,4602,649183.72,1155220.4299999995,usft,NAD83(2011),NAD83(2011),auto,N/A
57311,4602,699103.3,1161589.36,usft,NAD83(2011),NAD83(2011),auto,N/A
57312,4602,788688.7,1202150.24,usft,NAD83(2011),NAD83(2011),auto,N/A
57313,4602,789134.59,1202070.28,usft,NAD83(2011),NAD83(2011),auto,N/A
57314,4602,106182.9,1115262.85,usft,NAD83(2011),NAD83(2011),auto,N/A
57315,4602,125336.56,1111756.71,usft,NAD83(2011),NAD83(2011),auto,N/A
57316,4602,101134.29,1126683.3200000005,usft,NAD83(2011),NAD83(2011),auto,N/A
57317,4602,202298.22,1126550.16,usft,NAD83(2011),NAD83(2011),auto,N/A
57318,4602,884363.38,2474422.640000001,usft,NAD83(2011),NAD83(2011),auto,N/A
57319,4602,798033.42,1200914.85,usft,NAD83(2011),NAD83(2011),auto,N/A
57320,4602,122486.58,1074805.3100000005,usft,NAD83(2011),NAD83(2011),auto,N/A
57321,4602,1029035.87,924250.84,usft,NAD83(2011),NAD83(2011),auto,N/A
57322,4602,641450.1899999997,1160805.1899999995,usft,NAD83(2011),NAD83(2011),auto,N/A
57323,4602,545974.69,1005519.37,usft,NAD83(2011),NAD83(2011),auto,N/A
57324,4602,834630.6,1223962.8,usft,NAD83(2011),NAD83(2011),auto,N/A
57325,4602,823490.04,1232773.66,usft,NAD83(2011),NAD83(2011),auto,N/A
57326,4602,632713.15,1167504.38,usft,NAD83(2011),NAD83(2011),auto,N/A
57327,4602,781978.49,1208547.8,usft,NAD83(2011),NAD83(2011),auto,N/A
57328,4602,789600.68,1201057.8100000005,usft,NAD83(2011),NAD83(2011),auto,N/A
57329,4602,789898.75,1201756.63,usft,NAD83(2011),NAD83(2011),auto,N/A
57330,4602,794328.28,1196644.47,usft,NAD83(2011),NAD83(2011),auto,N/A
57331,4602,614574.46,810601.34,usft,NAD83(2011),NAD83(2011),auto,N/A
57332,4602,499122.33,1019192.38,usft,NAD83(2011),NAD83(2011),auto,N/A
57333,4602,855821.88,2364867.6,usft,NAD83(2011),NAD83(2011),auto,N/A
57334,4602,788995.24,1202779.09,usft,NAD83(2011),NAD83(2011),auto,N/A
57335,4602,730186.52,1207363.53,usft,NAD83(2011),NAD83(2011),auto,N/A
57336,4602,1032518.95,1221661.27,usft,NAD83(2011),NAD83(2011),auto,N/A
57337,4602,837472.78,1223959.6799999995,usft,NAD83(2011),NAD83(2011),auto,N/A
57338,4602,840400.93,1189590.1799999995,usft,NAD83(2011),NAD83(2011),auto,N/A
57339,4602,947779.52,1221459.6799999995,usft,NAD83(2011),NAD83(2011),auto,N/A
57340,4602,742799.41,1227368.99,usft,NAD83(2011),NAD83(2011),auto,N/A
57341,4602,910926.53,1200021.85,usft,NAD83(2011),NAD83(2011),auto,N/A
57342,4602,798030.98,1200915.17,usft,NAD83(2011),NAD83(2011),auto,N/A
57343,4602,1032519.71,1223167.24,usft,NAD83(2011),NAD83(2011),auto,N/A
57344,4602,656632.33,1942615.78,usft,NAD83(2011),NAD83(2011),auto,N/A
57345,4602,526203.55,2471934.67,usft,NAD83(2011),NAD83(2011),auto,N/A
57346,4602,563693.7,1198864.39,usft,NAD83(2011),NAD83(2011),auto,N/A
57347,4602,142031.55,1300850.78,usft,NAD83(2011),NAD83(2011),auto,N/A
57348,4602,758991.08,1219930.13,usft,NAD83(2011),NAD83(2011),auto,N/A
57349,4602,663998.9,1194254.0,usft,NAD83(2011),NAD83(2011),auto,N/A
57350,4602,799959.68,967860.6,usft,NAD83(2011),NAD83(2011),auto,N/A
57351,4602,785790.03,1115340.33,usft,NAD83(2011),NAD83(2011),auto,N/A
57352,4602,1142021.87,1129852.1899999995,usft,NAD83(2011),NAD83(2011),auto,N/A
